compound,ABL1,ABL2_ARG,ACK1,AKT1,AKT2,AKT3,ALK,ALK1_ACVRL1,ALK2_ACVR1,ALK4_ACVR1B,ALK5_TGFBR1,ARAF,ARK5_NUAK1,ASK1_MAP3K5,AURORA_A,AURORA_B,AURORA_C,AXL,BLK,BMX_ETK,BRAF,BRK,BRSK1,BRSK2,BTK,C_KIT,C_MER,C_MET,C_SRC,CAMK1A,CAMK1B,CAMK1D,CAMK1G,CAMK2A,CAMK2B,CAMK2D,CAMK2G,CAMK4,CAMKK1,CAMKK2,CDK1_CYCLIN_A,CDK1_CYCLIN_B,CDK2_CYCLIN_A,CDK2_CYCLIN_E,CDK3_CYCLIN_E,CDK4_CYCLIN_D1,CDK4_CYCLIN_D3,CDK5_P25,CDK5_P35,CDK6_CYCLIN_D1,CDK6_CYCLIN_D3,CDK7_CYCLIN_H,CDK9_CYCLIN_K,CDK9_CYCLIN_T1,CHK1,CHK2,CK1A1,CK1D,CK1EPSILON,CK1G1,CK1G2,CK1G3,CK2A,CK2A2,CLK1,CLK2,CLK3,CLK4,COT1_MAP3K8,CSK,CTK_MATK,DAPK1,DAPK2,DCAMKL2,DDR2,DMPK,DRAK1_STK17A,DYRK1_DYRK1A,DYRK1B,DYRK2,DYRK3,DYRK4,EGFR,EPHA1,EPHA2,EPHA3,EPHA4,EPHA5,EPHA6,EPHA7,EPHA8,EPHB1,EPHB2,EPHB3,EPHB4,ERBB2_HER2,ERBB4_HER4,ERK1,ERK2_MAPK1,FAK_PTK2,FER,FES_FPS,FGFR1,FGFR2,FGFR3,FGFR4,FGR,FLT1_VEGFR1,FLT3,FLT4_VEGFR3,FMS,FRK_PTK5,FYN,GCK_MAP4K2,GRK2,GRK3,GRK4,GRK5,GRK6,GRK7,GSK3A,GSK3B,HASPIN,HCK,HGK_MAP4K4,HIPK1,HIPK2,HIPK3,HIPK4,IGF1R,IKKA_CHUK,IKKB_IKBKB,IKKE_IKBKE,IR,IRAK1,IRAK4,IRR_INSRR,ITK,JAK1,JAK2,JAK3,JNK1,JNK2,JNK3,KDR_VEGFR2,KHS_MAP4K5,LCK,LIMK1,LKB1,LOK_STK10,LRRK2,LYN,LYN_B,MAPKAPK2,MAPKAPK3,MAPKAPK5_PRAK,MARK1,MARK2_PAR_1BA,MARK3,MARK4,MEK1,MEK2,MEKK2,MEKK3,MELK,MINK_MINK1,MKK6,MLCK_MYLK,MLCK2_MYLK2,MLK1_MAP3K9,MLK2_MAP3K10,MLK3_MAP3K11,MNK1,MNK2,MRCKA_CDC42BPA,MRCKB_CDC42BPB,MSK1_RPS6KA5,MSK2_RPS6KA4,MSSK1_STK23,MST1_STK4,MST2_STK3,MST3_STK24,MST4,MUSK,MYO3B,NEK1,NEK11,NEK2,NEK3,NEK4,NEK6,NEK7,NEK9,NLK,OSR1_OXSR1,P38A_MAPK14,P38B_MAPK11,P38D_MAPK13,P38G,P70S6K_RPS6KB1,P70S6KB_RPS6KB2,PAK1,PAK2,PAK3,PAK4,PAK5,PAK6,PASK,PBK_TOPK,PDGFRA,PDGFRB,PDK1_PDPK1,PHKG1,PHKG2,PIM1,PIM2,PIM3,PKA,PKACG,PKCA,PKCB1,PKCB2,PKCD,PKCEPSILON,PKCETA,PKCG,PKCIOTA,PKCMU_PRKD1,PKCNU_PRKD3,PKCTHETA,PKCZETA,PKD2_PRKD2,PKG1A,PKG1B,PKG2_PRKG2,PKN1_PRK1,PKN2_PRK2,PLK1,PLK2,PLK3,PRKX,PYK2,RAF1,RET,RIPK2,RIPK5,ROCK1,ROCK2,RON_MST1R,ROS_ROS1,RSK1,RSK2,RSK3,RSK4,SGK1,SGK2,SGK3_SGKL,SIK2,SLK_STK2,SNARK_NUAK2,SRMS,SRPK1,SRPK2,STK16,STK22D_TSSK1,STK25_YSK1,STK33,STK38_NDR1,STK39_STLK3,SYK,TAK1,TAOK1,TAOK2_TAO1,TAOK3_JIK,TBK1,TEC,TGFBR2,TIE2_TEK,TLK2,TRKA,TRKB,TRKC,TSSK2,TXK,TYK1_LTK,TYK2,TYRO3_SKY,ULK1,ULK2,ULK3,VRK1,WEE1,WNK2,WNK3,YES_YES1,ZAK_MLTK,ZAP70,ZIPK_DAPK3,response
Control,100,100,100,100,100,100,100,100,100,100,100,100,100,100,100,100,100,100,100,100,100,100,100,100,100,100,100,100,100,100,100,100,100,100,100,100,100,100,100,100,100,100,100,100,100,100,100,100,100,100,100,100,100,100,100,100,100,100,100,100,100,100,100,100,100,100,100,100,100,100,100,100,100,100,100,100,100,100,100,100,100,100,100,100,100,100,100,100,100,100,100,100,100,100,100,100,100,100,100,100,100,100,100,100,100,100,100,100,100,100,100,100,100,100,100,100,100,100,100,100,100,100,100,100,100,100,100,100,100,100,100,100,100,100,100,100,100,100,100,100,100,100,100,100,100,100,100,100,100,100,100,100,100,100,100,100,100,100,100,100,100,100,100,100,100,100,100,100,100,100,100,100,100,100,100,100,100,100,100,100,100,100,100,100,100,100,100,100,100,100,100,100,100,100,100,100,100,100,100,100,100,100,100,100,100,100,100,100,100,100,100,100,100,100,100,100,100,100,100,100,100,100,100,100,100,100,100,100,100,100,100,100,100,100,100,100,100,100,100,100,100,100,100,100,100,100,100,100,100,100,100,100,100,100,100,100,100,100,100,100,100,100,100,100,100,100,100,100,100,100,100,100,100,100,100,100,100,100,100,100,100,100,100,100,100,100,100,100,100,100,100,100,100,100,100,100,100,100,100
Akt Inhibitor VIII Isozyme Selective Akti-1/2 5uM,90.63,87.18,84.62,4.85,10.84,18.97,71.25,89.32,99.61,99.88,92.73,70.93,97.61,92.29,86.43,91.03,94.74,83.31,83.32,83.7,100,91.81,97.9,100,88,95.07,94.15,96.99,81.21,9.52,73.29,77.08,67.93,69.06,55.47,42.56,25.53,98.26,99.23,100,94.66,95.59,98.29,95.4,95.77,99.34,97.84,100,98.14,100,88.76,97.89,99.69,92.33,100,97.57,90.65,73.2,74.86,82.81,78.4,83.76,81.92,97.07,100,97.69,94.96,100,100,91.9,91.41,90.48,80.04,98.78,100,94.5,97.88,92.2,89.96,100,94.08,79.25,98.08,91.77,87.27,85.31,91.54,100,66.75,89.8,94.83,96.01,97.43,94.89,89.5,92.65,96.92,96.36,96.48,95.94,89.4,90.23,95.15,100,94.24,93.33,86.27,96.12,51.35,91.81,94.01,92.23,83.55,88.11,98.31,96.95,100,95.43,100,96.75,89.18,95.92,94.77,100,95.82,100,97.46,100,91.34,93.75,92.25,96.22,99.87,92.69,84.25,95.03,94.19,99.02,98.08,91.42,97.07,98.73,97.91,98.01,94.34,92.83,92.35,82.44,100,86.41,87.01,90.9,93.3,94.35,100,98.77,97.24,91.09,94.17,92.85,96.72,99.86,100,100,77.79,100,92.25,92,100,93.83,95.01,92.53,94.92,87.69,100,94.14,92.59,90.4,100,87.74,100,78.08,90.9,90.64,88.77,99.61,75.78,98.97,92.05,100,100,100,93.07,95.07,92.7,95.55,100,100,100,98,97.76,93.93,92.84,99.52,92.53,77.73,100,82.01,98.02,90.07,89.49,98.64,96.72,99.8,99.53,95.82,93.68,93.86,100,97.27,94.77,92.41,89.52,92.1,97.75,92.98,89.54,92.29,91.06,99.5,96.73,89.14,89.82,77.51,98.31,89.5,94.21,98.68,97.29,100,97.38,100,100,64.63,91.61,80.04,87.1,96.95,95.04,82.4,95.77,90.71,88.63,92.15,91.41,84.5,91.46,93.28,89.17,83.89,86.63,95.24,100,97.53,82.82,98.94,82.34,100,93.43,87.19,99.57,77.1,79.31,90.33,100,94.86,100,89.82,99.45,86.25,87.57,88.72,96.6,92.02,80.7,89.25,86.52,87.89,97.35,100,94.74,100,93.23,94.86,92.94,88.61,90.62,96.08,87.65863827
Aminopurvalanol A 0.5uM,45.51,21.32,47.82,100,100,100,79.65,100,99.42,100,100,82.39,61.55,95.58,80.45,87.79,91.9,93.08,79.65,81.89,97.45,85.6,93.13,88.25,33.03,86.15,79.7,100,3.75,95.31,100,100,100,83.93,98.18,87.31,100,97.43,86.84,33.25,25.85,17.04,4.07,7.97,31.91,71.96,76.51,3.31,0.13,56.42,51.08,54.7,65.68,67.6,96.19,96.28,75.51,65.73,82.72,26.43,35.19,13.4,99.27,100,51.91,17.65,85.46,16.49,100,79.28,100,95.33,100,100,100,99.74,96.3,57.1,38.27,93.22,100,91.62,93.9,76.89,67.54,86.64,61.35,63.98,100,80.2,92.5,59.19,73.62,95.33,58.39,92.91,100,100,95.41,59.53,54.9,69.19,76.66,97.27,79.4,93.39,15.02,97.54,8.35,80.7,71.09,70.29,18.92,90.71,82.99,97.09,100,100,72.14,79.32,100,100,99.88,27.31,86.05,99.16,94.27,99.42,96.41,72.99,97.26,100,88.44,85.03,97.08,86.76,70.76,80.24,100,99.95,100,93.42,99.83,94.57,100,82.48,70.17,100,60.25,55.6,100,23.07,85.68,92.77,98.41,95.81,87.47,74.12,85.2,71.16,91.33,87.5,83.07,100,51.5,94.49,92.54,81.3,99.49,7.81,95.08,17.71,99.14,100,99.4,98.45,100,89.3,37.69,63.64,70.01,75.92,67.82,46.04,100,81.49,84.23,94.41,100,80.18,100,89.01,69.42,93.91,100,98.92,96.29,100,100,95.54,98.17,81.76,95.47,100,100,44.34,57.26,100,75.63,89.42,98.07,100,81.1,100,98,100,93.01,100,100,66.15,98.81,97.34,87.61,100,99.45,100,89.55,94.21,89.2,100,100,100,100,100,88.77,93.33,97.96,54.95,92.01,62.84,100,63.57,100,61.6,87.72,93.12,90.01,100,100,96.55,37.21,54.06,48.67,46.12,93.09,100,99.91,100,39.77,81.43,96.83,62.14,30.98,73.98,91.25,81.81,56.22,100,83.66,81.1,51.27,79.91,82.15,86.85,86.62,100,93.49,92.45,100,45.35,3.04,4.42,100,42.54,100,57.92,100,41.52,74.89,100,85.84,70.75,100,76.9,7.03,92.26,100,96.72,100
AT7867 0.5uM,100,95.95,93.57,9.25,40.26,7.69,87.79,94.19,100,100,96.78,100,28.11,94.03,77.38,68.9,50.97,100,98.5,92.52,100,100,50.89,42.97,94.16,100,99,95.66,89.7,85.33,97.79,86.47,99.8,69.6,80.79,84.21,100,100,100,97.58,91.31,91.59,93.37,93.01,95.05,100,98.84,96.76,100,100,100,100,100,98.12,100,62.85,98.53,96.23,97.28,96.03,89.89,100,97.71,97.67,97.58,94.46,92.77,95.9,100,95.04,97.18,23.84,93.82,93.76,97.99,95.17,94.14,95.77,93.13,97.68,97.03,99.37,98.78,100,96.88,99.96,92.82,97.26,93.52,94.44,97.77,97.93,97.98,94.29,94.67,96.87,100,100,94.16,98.59,95.15,100,98.71,99.01,100,100,96.82,95.53,82.84,100,100,97.98,92.6,100,11.93,6.9,100,100,99.15,84.4,98.79,98.99,96.89,100,95.78,99.06,94.16,100,99.49,97.52,98.93,75.57,86.13,98.77,97.65,98.44,92.86,100,66.88,74.24,90.12,91.94,98.89,100,99.78,100,100,92.64,93.29,94.86,95.65,95.74,100,84.28,95.28,100,72.7,51.22,65.07,69.31,100,95.55,96.91,90.09,70.99,89.05,98.18,90.25,92.66,88.53,86.03,97.66,98.66,92.59,80.99,52.49,20.91,17.56,100,91.69,100,85.48,96.48,96.13,90.45,94.7,95.3,100,100,100,100,100,96.74,94.41,92.92,100,100,97.35,100,13.45,65.35,90.72,91.77,95.11,100,90.15,100,88.66,99.83,95,95.46,95.68,88.38,98.38,100,92.96,92.26,4.18,28.59,80.7,86.7,81.31,49.26,33.52,32.93,88.52,84.35,72.76,80.15,77.38,96.98,80.08,6.76,4.83,15.82,11.53,9.77,97.82,96.84,95.87,4.69,99.56,100,85.56,93.96,92.12,1.2,0.75,100,89.37,23.38,21,43.42,84.72,66.82,52.61,70.56,88.65,97.92,71.09,95.8,100,100,98.06,89.54,95.36,82.17,15.5,93.33,94.51,95.73,96.56,93.8,88.78,98,98.42,100,98.8,100,88.83,95.88,78.92,97.43,100,89.47,58.96,97.76,84.77,98.69,93.44,86.21,100,97.54,100,99.91,100,99.82,22.15,84.11188983
AZD3463 0.5uM,22.62,14.21,0,97.19,100,100,0.84,100,98.9,99.33,97.4,84.09,2.67,100,64.84,84.97,83.8,16,44.16,91.6,94.9,9.28,80.94,91.1,67.66,56.3,79.5,92.69,48.12,67.04,87.22,52.65,73.38,15.3,45.83,19.14,63.49,89.32,46.67,13.1,91.87,95.32,97.9,95.63,97.03,79.33,77.88,91.14,92.06,88.22,94.06,66.54,99.45,94.4,13.64,8.97,99.05,97.16,100,99.62,93.86,96.28,11.2,48.93,3.23,29.38,89.66,10,100,67.84,99,30.04,80.79,65.51,95.72,100,68.06,6.63,3.27,16.48,35.75,92.69,18.19,61.75,98.93,100,92.33,99.29,69.19,31.11,94.15,61.17,100,97.5,85.3,36.28,15.3,96.52,80.74,1.42,0.64,0.99,10.25,12.21,15.75,14.6,48.8,9.73,1.35,1.97,41.12,20.46,72.11,88.68,96.96,100,95.11,96.14,83.69,84.46,91,100,97.8,53.43,6.79,60.35,100,83.7,16.82,1.07,79.83,80.19,61.56,0.42,25.49,46.99,3.83,77.14,29.74,11.91,18.8,6.45,9.82,33.06,15.22,90.87,61.78,88.02,98.42,26.91,0,39.09,62.37,97.27,100,100,27.46,13.73,19,15.85,62.66,30.34,98.09,89.3,9.79,12.31,59.99,33.34,87.72,3.38,35.95,14.01,16.68,15.16,100,98.43,88.87,90.69,86.06,88.88,100,93.58,100,20.93,0,91.25,94.5,74.78,100,90.8,78.01,65.9,15,97.99,91.83,96.55,100,100,99.57,86.8,54.19,60.22,73.11,70.55,75.49,48.86,94.07,70.47,94.66,37.3,28.87,94.61,3.76,13.53,58.14,100,41.54,80.88,87.18,85.28,100,85.18,88,95.28,97,84.68,97.28,2.71,4.85,95.29,100,1.89,66.33,64.67,88.72,81.17,95.49,24.67,94.25,27.89,73.12,5.79,100,8.67,70.03,68.13,65.65,69.03,93,0,16.4,8.86,4.16,14.94,92.65,94.99,100,3.5,38.46,4.4,22.17,84.74,75.47,33.45,3.48,94.86,11.42,91.1,82.57,45.64,55.41,90.08,93.21,91.37,33.04,95.02,90.22,21.46,100,35.07,40.58,37.42,54.9,61.73,6.94,43.74,75.51,7.09,47.46,21.06,80.32,95.68,94.77,73.35,24.84,92.73,80.1,22.53,91.29331667
"Baricitinib (LY3009104, INCB028050) 0.5uM",86.81,89.03,4.94,85.44,93.17,83.3,35.95,95.37,100,100,93,96.64,65.98,93.13,58.75,92.36,83.93,93.44,89.49,92.84,100,93.75,97.43,88.23,97.1,97.66,90.52,97.15,79.56,67.88,92.54,49.48,87.11,15.56,63.45,41.72,74.18,98.7,99.56,88.32,91.82,98.01,84.67,91.64,100,100,97.01,94.51,95.14,96.43,99.71,94.75,100,93.94,85.8,71.04,100,99.33,97.12,95.76,95.22,95.14,81.67,19.92,85.33,91.47,92.55,66.98,100,92.57,100,34.19,77.75,58.61,98.26,97.35,75.01,86.64,83.72,94.33,91.12,96.52,97.11,100,94.92,96.36,98.04,99.43,92.73,96.58,94.98,93.87,95.05,94.17,88.53,98.49,99.46,99.54,96.91,91.58,86.2,93.77,96.07,90.66,100,94.54,86.21,100,83.04,100,94,100,67.13,74.54,95.73,95.73,100,93.91,92.69,75.39,83.37,82.53,97.13,93.96,93.25,98.34,99.4,95.99,94.16,96.2,100,90.74,69.96,97.74,54.66,100,99.42,95.81,1.05,0,4.44,96.27,98.8,100,99.02,96.84,85.96,62.93,96.35,93.31,34.35,78.5,96.64,95.76,92.6,94.07,48.71,24.67,40.86,40.19,94.95,90.81,80.38,69.75,72.67,92.83,92.98,89.6,93.58,92.66,88.31,81.73,86.92,59.62,100,92.68,43.28,52.47,100,96.61,97.44,97.09,96.24,100,95.71,84.21,81.9,100,85.08,95.83,87.55,100,100,94.39,91.65,100,100,94.27,91.52,41.27,81.9,99.36,93.06,95.23,95.35,95.03,100,92.85,97.87,99.61,95.32,86.92,68.28,95.61,96.85,97.58,93.28,12.23,33.98,63.4,87.06,68.71,40,73.83,45.61,81.03,97.23,88.1,86.65,96.43,96.95,89.8,91.52,94.38,53.07,19.19,58.72,90.86,97.72,94,54.6,96.8,100,40.01,74.41,99.19,18.05,12.28,95.35,81,85.76,86.27,78.14,79.55,92.56,92.73,93.02,58.77,99.02,65.44,96.93,100,94.85,92.92,14.92,91.49,83.82,12.7,91.28,95.63,94.62,93.2,77.55,91.86,94.67,93.07,100,99.87,89.21,100,56.13,37.62,90.23,92.65,54.04,1.35,97.73,40.7,86.84,70.34,97.01,94.58,96.31,89.67,82.97,87.71,98.96,35,100
"BIIB-057 (PRT062607, P505-15) 0.5uM",76.48,60.87,54.89,97.94,94.05,91.15,22.34,95.21,100,95.35,92.79,95.44,41.53,100,100,98.17,95.95,54.6,31.08,55.89,100,49.76,100,96.79,39.56,99.56,48.72,94.16,13.61,48.56,67.33,50.4,86.32,55.63,88.97,79.63,99.32,85.55,92.11,89.83,73.68,83.25,55.02,56.16,57.57,97.23,92.45,49.35,54.15,100,100,72.09,94.23,67.36,33.85,43.7,80.95,24.72,67.64,81.83,79.67,86.55,79.31,87,73.14,72.07,98.97,71.27,89.59,65.03,100,77.65,96.96,94.68,100,100,97.87,97.39,87.9,95.95,39.43,94.25,90.86,93.28,96.09,81.12,58.67,63.86,69.51,63.88,89.26,56.93,77.51,97,72.09,76.27,95.37,95.34,81.3,27.29,3.4,18.9,98.36,97.05,100,100,16.67,100,14.86,97.63,67,81,21.43,49.98,97.62,100,96.73,95.31,90.78,77.66,69.76,93.31,49.33,30.11,55.81,100,100,97.22,93.6,38.8,90.33,99.04,86.6,45.76,85.09,50.94,28.7,99.07,52.04,51.13,60.98,84.47,91.81,100,98.14,71.17,54.14,87.03,29.3,74.55,27.12,20.89,45.01,99.11,100,100,77.22,61.66,65.69,67.95,98.68,92.03,90.43,88.38,81.2,62.63,74.54,67.85,85.32,18.74,72.72,32.73,91.05,88.46,97.65,95.16,79.52,93.33,100,63.68,83.32,88.72,98.59,73.55,100,100,93.34,93.67,100,95.85,100,100,99.94,96.04,100,99.25,100,92.89,100,82.66,72.31,75.2,86.69,69.25,24.37,12.4,76.12,10.18,39.15,71.61,60.76,87.48,83.92,84.77,15.94,92.74,14.44,89.01,95.91,12.12,99.96,88.26,63.12,79.95,88.58,73.14,89.06,49.6,33.11,95.78,100,48.01,91.84,93.16,98.7,90.57,92.68,97.3,100,93.6,98.09,42.24,100,43.1,72.5,94.83,71.54,74.54,98.91,26.04,90.25,82.16,82.66,85.46,99.23,100,100,20.26,83.4,77.53,98.61,100,99.08,100,21.39,86.97,54.72,67.8,93.56,1.82,88.04,66.31,88.84,71.13,92.98,81.52,100,100,100,80.38,45.88,20.79,55.26,56.41,51.99,56.15,85.33,85.17,100,89.63,98.82,94.95,80.45,46.59,28.74,97.95,21.8,94.84,100
Bosutinib 0.5uM,5.25,0.64,34.03,91.05,96.53,93.8,70,94.72,100,100,98.91,99.14,83.47,100,100,91.88,100,62.53,4.49,26.65,100,95.17,100,100,5.21,72.87,24.98,93.25,1.57,98.32,95.86,75.37,100,85.93,98.05,88.46,100,99.54,100,100,90.29,96.86,94.8,92.05,98.12,99.01,96.89,94,100,98.9,89.27,100,100,100,89.32,67.19,94.35,89,94.06,95.27,93.88,100,97.88,97.02,94.07,96.52,94.92,87.67,100,10.26,100,100,100,100,64.33,91.27,100,100,95.11,100,96.11,100,26.15,100,4.95,15.64,10.92,14.7,69.55,97.24,10.27,6.03,7.34,68.06,4.17,71.59,22.02,100,99.46,100,72.4,88.21,100,96.31,100,100,3.4,100,89.7,100,89.54,4.14,5.08,38,98.81,96.82,100,92.52,100,97.94,100,100,96.4,9.12,8.87,95.58,98.34,95.11,100,95.32,98.56,95.58,81.54,95.44,95,92.68,98.98,100,100,92.68,98.79,97.17,98.72,100,100,1.75,3.81,97.08,97.9,30.6,79.61,0.47,5.06,98.47,100,100,88.16,87.04,93.85,96.77,89.51,51.93,100,96.76,97.81,9.12,99.95,91.19,100,90.21,85.67,93.23,96.97,97.94,95.78,96.41,100,92.93,100,66.03,100,30.96,33.76,99.46,86.24,100,98.03,92.22,100,100,100,100,94.64,92.93,95.73,94.59,100,97.98,100,99.38,97.25,96.85,94.26,100,94.61,100,100,92.65,95.63,96.28,90.36,94.49,79.76,98.38,97.86,98.08,92.85,99.88,100,95.36,98.03,100,96.34,99.13,98.1,89.02,100,96.33,95.23,90.23,100,95.41,88.22,100,93.03,93.61,96.83,95.91,96.33,93.48,93.5,92.27,100,92.21,100,100,93.15,92.27,98.55,100,96.9,97.4,86.3,96.35,90.22,92.54,91.41,7.92,63.09,100,94.19,100,98.83,100,95.37,42.43,82.1,98.12,90,84.01,98.38,96.92,98.16,96.09,88.22,73.71,92.9,99.76,92.95,73.83,49.31,6.03,98.46,35.13,94.59,97.13,71.88,89.68,98.3,93.17,100,96.94,100,99.73,3.24,74.67,100,100,89.23247165
Cdk1/2 Inhibitor III 0.5uM,4.96,10.52,6.41,100,100,96.41,16.69,15.06,60.36,92.15,81.76,100,2.13,1.12,1.44,12.91,16.21,34.18,38.62,77.51,87.21,34.84,2.61,9.03,84.12,78.44,14.79,40.43,41.55,100,89.08,93.42,95.87,14.28,9.5,15.59,15.6,98.79,35.99,5.4,0,0,1.56,8.92,0,87.75,3.67,0.16,11.3,2.89,7.69,43.56,7.46,15.59,100,1.96,90.16,83.7,91.76,16.71,14.81,20.81,76.55,81.92,2.26,3.81,4.64,1.92,100,76.78,100,81.29,83.04,40.44,100,78.38,11.14,15.25,14.08,60.39,98.52,96.5,95.15,37.4,29.92,85.87,54.79,56.75,100,14.23,98.47,19.41,81.4,90.43,50.97,100,97.96,78.89,76.24,25.31,21.66,10.17,6.59,7.43,4.96,32.19,17.1,11.41,1.07,3.75,10.58,70.63,24.77,2.13,97.77,88,92.22,75.61,89.37,96.58,6.3,9.03,85.35,37.94,4.46,100,62.07,78.15,50.59,0.62,54.36,49.27,67.17,88.41,16.89,19.65,86.54,61.02,4.86,3.16,5.21,78.76,80.93,100,6.55,1.71,23.57,0,23.52,3.96,1.33,27.23,56.07,91.13,89.61,52.2,2.68,3.43,0.29,2.33,94.61,96.59,0,5.41,32.74,3.06,62.74,78.84,66.62,0,3,1.33,23.35,17.21,54.62,48.1,68.09,42.76,48.65,2.16,1.33,2.88,4.54,8.02,100,6.11,100,98.28,19.56,60.54,78.81,82.63,39.07,45.1,67.56,95.42,78.46,77.1,95.22,30.05,96.15,28.96,26.42,35.4,47.62,43.78,81.91,91.75,100,56.38,45.58,19.31,26.02,95.54,90.69,100,89.09,78.23,100,46.22,75.21,74.46,22.2,11.55,45.74,92.98,78.86,7.79,7.37,15.14,83.71,9.05,91.3,85.09,61.45,9.7,19.1,92.06,88.49,92.17,76.27,33.61,100,3.09,19.69,17.82,0.17,6.22,56.03,1.68,5.34,0,2.08,2.42,48.66,42.01,98.4,16.09,4.58,9.73,93.96,25.9,17.1,42.48,13.7,8.18,35.12,100,76.55,15.54,12.46,11.3,11.45,10,10.26,100,89.25,5.06,100,31.75,11.82,3.59,91.33,85.84,27.62,5.11,29.78,5.03,4.73,100,94.6,100,97.91,82.15,10.54,49.14,86.91,94.2,29.79860437
"Cobimetinib (GDC-0973, RG7420) 0.5uM",100,100,100,100,100,99.61,93.89,99.96,100,100,100,100,100,100,95.59,100,100,100,100,97.54,100,100,100,100,93.71,97.16,96.4,100,96.93,100,99.92,100,100,93.79,94.01,96.84,100,100,94.27,100,97.1,98.32,95.07,98.1,100,99.61,100,100,92.02,100,94.79,99.21,96.05,100,100,97.62,100,100,100,97.93,90.29,100,100,99.76,90.84,99.75,100,99.02,100,97.75,100,100,100,100,98.34,85.1,100,100,97.41,100,95.32,100,99.09,100,100,64.86,99.66,97.04,92.5,100,100,95.91,98.46,100,94.88,94.04,100,100,100,100,98.63,100,94.18,95.95,84.82,99.21,100,95.39,100,100,97.67,6.67,95.54,92.85,99.28,100,100,93.67,99.8,100,94.08,100,100,100,100,76.99,100,90.29,100,100,88.73,97.81,96.84,100,92.68,68.92,100,100,100,97.02,100,100,100,100,94.52,100,100,100,89.26,100,100,98.68,83.41,100,100,99.53,95.38,99.56,100,97.12,65.04,52.89,97.45,86.06,96.2,94.95,100,100,100,100,84.86,100,89.77,100,97.56,100,100,100,100,100,100,100,100,91.27,100,100,100,86.44,76.64,100,96.56,99.91,100,95.44,93.91,100,100,95.68,98.95,100,96.73,99.5,96.38,100,90.6,100,100,94.86,92.5,98.04,100,100,100,100,99.96,87.66,62.37,96.92,93.2,99.57,99.44,94.24,97.31,100,100,89.19,97.44,100,100,100,100,97.82,100,100,100,100,99.66,100,100,99.76,95.66,93.3,100,94.75,100,100,96.45,99.78,100,100,95.03,100,100,99.22,95.98,96.14,97.98,100,100,100,94.03,100,99.09,84.39,100,97.83,91.26,100,100,95.72,99.25,100,100,100,100,94.74,100,100,100,100,100,98.41,100,100,99.78,100,100,85.27,100,100,97.79,93.78,96.53,100,100,100,99.18,100,100
Cot inhibitor-2 0.5uM,96.05,94.4,99.55,100,100,97.07,95.64,93.3,100,100,98.96,90.03,91.91,100,94.74,95.82,100,97.93,100,98.47,95.59,100,94.51,98.89,95.3,96.22,94.22,93.9,96.22,99.84,98.77,95.1,100,100,94.41,96.7,100,100,100,100,96.82,97.18,96.86,96.03,98.64,98.17,93.84,100,100,100,98.15,100,99.82,100,95.21,94.95,94.83,99.26,99.84,98.06,95.76,100,97.62,95.58,91.27,100,97.27,96.54,0,100,97.35,99.97,100,95.69,99.73,96.85,92.6,100,94.08,100,93.19,100,41.55,100,94.69,100,98.77,97.9,96.09,97.98,100,100,99.06,96.65,92.68,93.32,89.78,100,100,98.28,91.41,100,98.71,96.01,100,98.71,97.38,99.96,100,100,100,100,95.89,100,100,99.15,100,98.64,100,96.84,90.54,100,97.27,100,88.83,100,99.74,100,98.83,96.98,96.53,95.87,90.64,98.69,95.16,98.17,94.55,100,100,98.8,100,96.46,95.25,100,98.56,95.13,98.9,96.96,100,100,92.73,98.58,98.26,100,100,100,96.32,93.23,100,100,100,95.17,99.04,99.23,99.19,88.69,100,95.56,100,95.4,95.22,100,90.71,94.6,100,93.66,100,94.55,100,100,100,89.92,100,100,94.14,94.28,100,95.56,100,100,98.06,100,94.46,95.34,92.81,94.86,100,93.23,100,100,96.59,100,96.48,98.74,96.8,99.58,100,94.23,99.46,94.96,100,97.61,99.04,100,96.6,95.7,93.78,100,100,97.43,99.38,100,95.67,96.71,99.69,91.44,94.01,92.36,92.82,100,94.42,96.02,87.9,98.31,91.89,96.05,100,95.73,96.93,96.13,98.82,100,100,96.65,99.21,96.75,88.07,96.01,100,100,97.87,99,100,100,100,94.1,91.31,99.1,97.29,100,97.29,100,100,100,95.43,97.86,94.89,100,99.28,98.2,100,100,99.23,94.66,91.54,94.5,98.55,100,100,96.78,100,97.96,97.66,100,100,98.55,96,100,97.3,93.3,99.76,100,94.13,100,100,100,97.1,100,100
Dasatinib 0.5uM,2.15,2.1,2.495,96.9,97.05,94.955,98.005,15.365,98.395,72.995,57.89,27.205,96.295,91.385,84.25,92.08,91.805,73.655,1.74,1.375,40.78,2.57,96.85,97.175,1.34,7.98,93.765,88.41,2.27,99.41,98.465,98.98,95.725,99.255,96.285,97,100,91.875,99.725,96.145,95.685,94.665,91.565,96.15,91.235,94.285,98.56,98.425,98.055,94.33,97.815,100,100,89.41,90.85,95.715,97.82,91.04,92.58,93.28,98.62,95.185,97.525,96.475,100,93.59,96.56,90.71,96.865,3.555,85.26,96.265,95.61,98.615,1.555,100,99.92,99.185,99.195,98.205,99.05,99.5,18.92,2.32,3.555,2.135,1.06,0.975,55.69,95.465,2.445,2.4,0.235,0.79,0.795,74.855,4.425,98.78,95.905,99.985,93.175,95.73,87.895,67.3,87.4,92.335,1.185,98.645,72.15,96.04,0.92,0.37,1.33,80.23,98.48,98.875,93.57,97.535,99.46,97.04,100,98.465,95.535,0.85,48.62,99.74,97.09,100,98.07,95.64,97.525,95.735,89.68,96.175,98.24,92.855,93.535,99.75,100,85.67,90.685,99.575,100,100,95.695,3.19,0.74,16.375,100,52.51,90.74,0.215,0.8,97.305,99.595,97.47,96.585,94.785,95.79,90.12,93.05,82.21,94.105,92.04,89.62,47.66,97.575,95.695,93.295,78.03,88.445,73.415,95.485,96.37,99.61,96.865,95.29,98.525,93.425,93.725,95.325,95.35,79.81,100,92.41,88.43,39.36,98.585,97.05,91.74,87.76,95.495,99.15,28.01,96.195,30.375,65.03,99.63,99.94,99.13,100,98.87,100,97.175,96.475,94.815,100,96.765,95.93,3.805,2.695,95.43,93.135,100,99.265,100,98.13,99.115,98.49,96.85,95.58,86.48,98.1,98.25,99.665,92.715,98.435,96.67,91.46,91.505,95.465,92.75,87.95,94.01,100,89.905,95.705,96.13,98.225,96.885,97.875,94.31,30.405,44.475,35.46,99.675,98.58,91.955,100,93.805,95.925,95.3,91.27,100,99.475,100,98.96,3.05,82.765,96.515,14.715,100,100,98.45,96.385,83.48,91.805,95.31,93.12,65.67,93.105,98.045,87.995,95.95,89.115,5.825,96.02,91.425,97.2,98.595,92.835,65.705,95.945,0.955,95.925,92.65,84.735,92.745,95.39,96.17,92.71,91.83,80.15,87.415,0.97,6.78,96.6,100,87.80223631
"Doramapimod (BIRB 796, p38 MAP Kinase Inhibitor X) 0.5uM",89.03,99.33,94.06,100,100,100,98.27,95.9,89.84,93.23,93.33,80.89,91.77,86.26,100,95.92,93.31,91.5,95.77,100,51.75,93.09,96.89,93.03,95.53,89.24,94.16,90.48,95.18,100,95.67,99.65,88.62,99.95,97.06,99.68,99.26,92.18,97.95,93.89,100,94.78,95.78,94.95,92.73,97.75,100,92.47,94.71,94.09,100,100,100,96.4,89.51,94.38,98.38,93.13,100,92.58,96.92,96.25,89.81,99.75,100,100,100,100,94.73,94.55,91.01,99.94,100,100,3.89,100,96.4,99.58,97.21,100,97.1,100,99.85,98.62,84.1,88.66,85.63,88.53,43.25,1.68,82.14,85.48,33.3,82.92,68.95,99.91,94.92,97.85,93.7,95.9,98.04,93.51,100,100,100,96.04,91.14,96.44,88.33,98.74,97.73,90.31,97.79,95.64,97.22,95.17,97.09,97.54,98.36,96.31,91.61,98.11,98.7,96.28,68.45,100,99.14,100,96.75,92.26,100,96.91,93.06,97.39,97.07,96.26,92.54,99.23,97.41,100,100,97.99,7.82,100,72.42,100,77.7,98.04,100,40.95,95.49,83.63,95.83,95.31,100,98.88,97.77,94.35,98.68,98.51,97.81,84.67,89.16,100,98.74,100,98.29,92.32,93.18,95.56,97.5,77.86,94.34,85.36,100,98.95,100,95.59,93.07,95.15,100,99.82,95.45,100,100,86.26,90.48,100,100,95.59,86.19,95.12,100,92.78,98.27,0,19.62,74.97,15.43,99.01,100,100,99.34,95.77,93.97,98.52,100,95.7,91.12,100,94.68,95.74,92.67,100,99.76,100,100,100,100,98.17,96.73,100,99.65,98.09,97,95.18,96.98,94.58,95.62,87.12,97.85,89.88,87.21,79.37,96.63,90.48,91.58,94.22,96.23,94.49,100,80.77,58.06,66.95,76.79,100,96.08,98.96,100,98.96,97.68,94.23,83.6,100,100,98.79,92.93,98.76,76.37,96.9,100,100,100,100,96.98,95.43,100,93.06,94.62,99.55,73.7,100,100,94.56,93.33,100,99.26,20.6,98.33,81.98,75.76,81.08,93.81,92.78,91.66,97.33,95.57,100,96.18,93.33,97.59,100,100,93.61,96,76.1,99.68,100,98.62852811
GZD824 0.5uM,6.69,5.9,0,99.39,95.35,94.25,98.44,97.66,98.11,98.37,98.6,1.88,100,100,94.49,34.33,90.89,86.85,1.04,0,0,6.32,100,99.12,13.21,19.95,84.28,93.48,0.43,84.49,95.49,100,100,99.74,97.32,94.41,100,98.68,89.19,63.81,92.2,96.77,96.79,99.01,96.19,99.28,93.37,98.7,100,98.2,94.19,96.2,99.27,97.83,76.82,68.46,100,100,99.38,88.83,90.22,96.64,93.03,100,97.56,100,97.49,78.02,100,1.13,25.07,97.59,100,100,2.55,99.28,98.82,100,94.95,98.42,94.73,97.74,24.98,5.74,0,2.02,2.5,1.63,0.86,0,1.32,0,0.66,0.83,1.09,48,5.45,96.85,100,99.9,24.86,17.65,0.95,2.19,2.31,2.46,1.27,1.35,1.88,1.51,1.06,1.19,0.61,4.37,99.84,100,99.44,97.85,100,100,92.49,100,98.48,2.17,14.35,100,100,100,75.77,96.84,69.37,11.98,94.54,92.09,22.2,93.74,93.11,61.56,0.91,6.19,1.32,83.31,39.04,100,1.31,3.02,3.27,9.22,100,16.52,0.97,0.45,3.09,94.72,97.94,100,97.62,96.14,97.72,97.9,91.61,77,12.85,3.35,69.98,23.56,100,89.91,57.84,11.05,65.28,18.44,74.01,36.33,100,100,61.3,77.89,97.08,90.4,100,100,100,94.44,97.61,63.41,81.85,100,100,1.44,100,100,88.53,85.06,100,0.7,2.46,97.13,92.05,10.06,75.06,100,99.57,91.34,100,100,100,94.69,100,0,1.73,98.75,98.56,97.75,96.26,100,100,93.42,14.58,96.61,97.35,95.69,89.76,94.18,100,90.02,96.8,88.82,91.36,100,100,88.34,95.84,100,96.12,100,100,100,98.87,94.83,92.75,13.44,0,0.04,47.74,96.37,94.47,88.8,100,80.9,38.45,29.53,19.4,83.73,99.05,97.34,99.01,31.14,18,96.77,1.39,100,100,100,97.9,100,85.91,85.18,91.12,78.51,2.26,12.82,4.61,35.59,100,17.31,3.6,1.27,100,6.82,6.24,11.51,100,2.37,82.6,4.42,84.63,87.07,98.46,15.03,100,95.82,96.52,91.04,2.62,0.42,99.54,100,88.98037522
JNK Inhibitor VIII 0.5uM,100,100,92.19,100,100,100,92.9,100,95.25,98.46,97.78,100,96.12,92.77,100,100,97.39,100,100,98.37,99.07,93.61,95.66,100,92.48,84.63,83.86,100,94.69,100,96.54,100,100,100,98.09,97.4,100,99.14,100,85.03,92.2,100,100,88.9,97.68,97.62,95.25,96.84,100,95.24,98.62,100,89.22,100,100,100,88.42,100,100,97.66,100,100,96.88,100,98.08,96.13,100,96.12,96.92,95.07,88.59,99.04,100,98.12,95.43,99.54,100,98.52,99.16,100,100,92.63,100,97.38,100,94.75,99.08,100,89.49,100,84.22,94.44,97.59,95.9,98.25,100,98.61,96.03,92.62,97.55,94.06,91.05,100,100,99.03,100,93.59,85.5,100,92.31,99.21,100,100,83.6,100,100,99.75,95.41,98.85,100,98.89,100,98.94,98.47,94.55,100,100,100,100,100,96.12,100,83.69,100,100,94.93,100,100,100,100,99.14,28.12,6.45,51.46,100,95.36,100,100,96.36,97.73,90.54,98.53,93.34,100,100,86.53,98.98,99.76,94.82,96.9,87.01,90.26,92.45,97.1,97.07,97.42,96.8,96.47,99.55,100,91.34,98.76,100,100,98.87,100,100,100,92.27,95.41,100,99.52,100,100,100,95.24,100,87.71,89.99,93.17,98.1,93.48,95.92,100,100,93.85,100,100,94.69,100,96,100,100,100,91.85,100,100,91.14,100,97.11,100,94.6,94.19,100,100,100,95.23,100,100,99.92,97.55,100,96.91,98.83,94.32,95.4,100,88.41,83.73,100,100,91.44,100,96.51,100,100,99.71,95.34,100,100,100,100,91.77,100,80.98,97.36,96.42,93.12,95.03,97.44,79.91,95.65,98.83,94.32,100,100,100,97.89,100,71.95,100,100,97.85,94.05,95.98,94.5,97.72,100,92.72,99.18,96.62,100,99.42,88.6,96.64,99.15,100,100,100,100,100,100,91.16,92.97,97.25,100,100,100,100,100,92.55,88.15,100,93.28,99.25,90.45,90.6,100,95.66851749
K252a 0.5uM,92.87,89.48,1.05,86.17,84.2,27.34,10.71,88.33,100,100,100,100,1.05,3.55,4.62,3.51,7.25,40.97,27.42,7.88,100,23.2,1.56,9.8,8.92,57.34,3.58,53.19,29.96,26.46,55.67,24.38,42.54,0.84,4.81,2.59,3.1,100,19.01,6.56,19.8,18.66,4.2,17.2,47.47,2.9,3.35,8.2,6.63,5.76,7.18,77.76,25.42,26.37,2.6,2.87,93.67,100,100,100,98.72,93.74,82.03,100,1.45,4.38,97.95,10.37,100,31.12,100,29,59.23,74.43,79.98,100,4.07,11.67,3.88,9.9,10.44,96.34,86.59,62.56,63.04,81.29,70.37,70.01,59.51,41.29,96.28,60.85,87.54,92.99,82.52,94.89,84.94,24.37,47.96,67.28,1.83,36.35,43.72,45.41,46.66,82.94,12.13,23.2,2.41,2.5,34.62,68.14,22.94,0.77,100,90.1,44.09,61.97,23.41,4.94,22.35,50.45,10.22,13.25,0.12,100,94.23,100,65.42,57.21,36.47,38.81,2.39,32.16,5.79,1.03,14.44,22.74,1.78,2.95,0.5,28.84,12.42,87.82,19.99,1.07,25.56,6.33,41.39,5.06,0.34,24.79,43.68,13.1,54.69,47.9,1.3,1.56,1.77,0.94,23.65,16.17,2.91,6.93,1.2,0.39,9.58,6.35,6.24,0.36,2.49,0.7,12.75,4.23,84.08,78.9,12.32,2.46,26.76,2.74,2.86,25.79,100,6.05,4.45,36.22,94.44,81.81,92.46,15.01,99.26,90.45,14.7,58.02,100,92.09,98.49,99.52,92.69,7.24,34.94,4.61,7.46,5.64,39.52,24.48,38.91,14.61,2.69,17.12,14.62,1.61,1.19,6.47,18.5,64.96,1.75,18.04,10.77,23.73,26.28,13.8,12.58,10.63,20.5,40.23,42.04,1.32,1.95,22.52,70.13,1.43,13.36,19.08,0,1.34,2.44,46.16,89.69,45.74,7.17,17.03,100,2.36,11.42,1.36,31.24,18.48,82.28,1.55,0,2.61,1.72,1.66,8.03,9.65,53.07,4,7.89,14.52,100,99.16,97.3,32,0.79,73.57,12.46,14.27,81.74,5.99,2.45,26,40.47,16.01,5.25,84.16,47.61,92.33,3.11,2.32,2.11,1.19,16.64,24.35,9.78,0.9,20.37,26.64,6.75,3.25,80.52,72.9,90.59,60.33,17.7,75.87,22.8,27.17,62.97954789
LY 333531 mesylate (Ruboxistaurin) 0.5uM,100,97.46,89.9,87.75,93.33,66.33,66.29,100,100,100,100,100,30.19,98.9,96.2,78.51,94.8,43.86,80.18,87.72,100,100,90.23,83.25,95.39,97.16,22.99,100,94.95,98.05,100,92.47,100,62.77,91.29,80.71,100,100,86.43,55.48,98.42,92.97,85.03,88.66,94.33,58.31,60.58,99.43,95.94,74.68,89.04,93.51,94.11,74.97,43.69,69.13,100,96.74,96.67,93.92,100,99.22,100,68.44,70.07,49.97,99.42,72.82,100,92.66,100,100,92.1,98.38,88.37,100,100,52.79,49.73,60.31,49.7,100,96.87,100,100,100,91.01,96.09,96.79,100,100,98.47,100,100,92.58,97.82,100,100,100,92.83,19.45,96.36,84.83,80.08,97.21,95.86,85.32,86.08,3.4,75.06,93.96,100,86.85,75.77,100,100,100,86.84,88.46,83.54,52.26,44.56,70.68,99.06,44.62,38.83,97.85,53,75.73,83.32,89.51,98.2,73.68,74,77.74,73.61,45.26,90.27,87.2,93.45,31.57,97.18,95.71,100,89.32,43.3,89.78,97.69,88.3,14.29,60.61,84.06,95.37,100,100,100,95.16,79.05,80.64,70.66,100,93.96,99.13,88.67,43.07,55.63,92.82,84.07,91.2,19.6,67.16,34.97,85.99,91.94,100,89.32,20.01,33.37,100,16.97,24.01,79.25,61.58,73.28,90.01,94.99,100,92.35,79.09,100,100,100,99.43,98.33,97.89,100,100,100,91.74,24.88,39.24,90.41,91.06,89.57,91.22,100,100,4.65,97.4,85.91,69.41,19.17,49.81,100,1.44,41.37,1.14,86.67,82.43,0,2.19,2.65,3.11,4.62,8.02,11.17,78.5,71.65,67.73,7.36,83.37,72.82,76.33,98.85,54.98,65.98,72.52,100,95.85,97.98,93.42,96.87,100,70.27,100,100,90.59,85.64,100,11.55,4.77,4.38,3.08,3.2,75.02,79.13,94.15,81.37,48.15,76.25,100,100,100,84.7,87.84,72.86,81.19,100,100,50.85,96.1,84.85,84.31,55.19,44.44,92.78,100,100,84.39,54.78,28.1,3.32,100,93.84,96.96,82.52,71.82,95.04,100,100,90.76,83.89,88.1,100,93.23,100,100,75.5,100
NCGC00263020-01 0.5uM,7.08,9.1,0,98.39,97.82,100,77.9,53.42,27,84.03,83.45,76.89,25.71,77.25,87.89,100,94.78,91.88,56.06,91.69,72.51,17.85,73.82,55.88,83.89,81.4,91.51,85.73,69.7,95.39,98.58,85,97.66,54.46,60.08,54.39,86.99,98.94,64.25,6.93,41.19,40.51,7.5,3.11,16.91,72.85,88.04,24.81,27.55,62.54,92.75,92.32,79.62,35,88.52,70.65,28.41,16.42,26.99,81.33,72.56,82.88,4.18,24.22,3.2,26.57,86.5,68.43,100,85.14,99.65,93.86,100,94.65,92.88,100,31.41,1.54,1.55,3.17,27.92,77.83,93.17,93.58,93.19,93.81,94.48,94.35,84.79,96.26,96.61,89.14,95.86,82.26,90.03,94.29,93.01,94.48,96.77,91.95,72.28,72.4,77.97,40.29,90.21,77.39,65.9,36,1.91,2.74,46.54,69.1,51.52,7.46,93.45,94.27,100,100,99.83,89.88,26.15,45.05,71.22,43.78,1.47,86.74,99.81,88.03,40.51,93.38,100,97.74,14.59,95.75,4.39,7.5,96.22,100,91.56,84.02,83.87,19.65,47.22,100,13.4,15.37,52.1,40.05,42.31,51.41,0.63,29.44,68.34,89.63,98.81,98.38,69.61,50.77,51.34,58.58,63.69,74.56,91.17,91.8,54.63,4.62,57.29,85.24,86.43,35.88,74.26,17.95,30.48,6.46,99.89,100,94.7,100,100,23.68,22.23,10.83,22.04,19.62,0,76.32,81.69,100,100,73.76,99.38,100,100,67.03,85.39,94.09,90.56,43.4,48.87,86.36,100,74.98,90.01,84.26,96.13,85.84,99.05,79.28,54.31,43.83,27.17,96.87,58.86,88.31,91.02,100,87.45,96.04,100,94.06,100,98.15,90.24,93.4,95.69,98.98,94.63,46.39,47.78,96.7,98.68,56.1,89.63,97.1,97.48,89.18,91.48,71.26,36.6,72.33,81.1,92.19,91.3,66.2,18.05,97.49,87.44,82.36,96.79,11.45,84.51,78.17,78.37,81.71,99.04,91.73,100,37.84,80.35,48.66,90.89,100,100,100,27.06,8.49,32.48,93.24,76.75,87.6,24.37,2.45,8.36,19.61,20,96.11,43.84,97.88,100,96.32,92.75,86.09,90.74,78.02,59.65,40.81,100,71.11,89.68,96.8,93.01,85.99,92.76,78.25,67.57,74.35,95.84,93.39,94.61005859
NCGC00344999 0.5uM,9.96,22.22,76.49,86.65,98.72,92.11,16.74,83.15,100,100,99.87,89.7,7.5,99.47,59.67,57.12,68.4,12.89,16.2,27.25,98.55,35.51,100,98.25,20.47,47.33,24.04,92.54,0.36,94.52,100,96.77,100,27.97,57.41,32.16,69.68,100,26.12,4.12,42.61,47.27,64.75,41.08,71.18,68.49,69.29,51.93,47.05,74.07,76.93,4.4,23.19,4.55,43.17,22.65,17.55,27.06,28.04,37.26,78.07,60.29,6.35,3.65,0,0.03,28.42,1.3,100,8.27,100,93.13,91.58,96.15,13.67,98.29,35.54,1.74,1.26,3.06,5.98,73.58,94.27,93.17,60.87,78.31,70.79,72.14,63.27,59.8,87.06,26.34,36.5,94.68,50.43,96.82,100,99.53,100,61,2.72,2.26,41.18,23.16,54.12,91.84,2.55,56.97,2.64,21.09,19.45,71.86,1.9,6.4,96.65,100,100,100,91.31,84.87,53.95,54.24,55.4,15.78,6.45,3.26,13.61,2.68,27.52,88.16,86.19,95.07,41.51,43.23,1.12,1.47,49.9,0.89,68.93,19.05,31.03,73.22,91.19,100,53.94,16.36,12.69,85.35,89.73,46.65,2.61,14.13,31.67,96.7,95.87,93.67,19.33,7.76,9.83,11.59,96.05,93.43,64.47,73.61,3.65,14.03,96.44,88.09,93.74,3.17,16.89,4.11,87.85,94.09,96.38,90.28,73.84,79.91,100,64.21,96.88,75.48,96.96,6.02,65.37,80.32,82.09,88.32,95.38,25.53,100,100,88.76,88.87,95.92,98.11,100,98.47,99,75.18,98.41,90.38,92.34,97.2,33.54,47.47,100,92.64,89.24,26.37,27.15,71.5,5.12,6.23,95.54,95.84,72.33,89.36,91.7,83.44,100,90.8,90.42,92.16,95.7,99.13,90.92,93,90.41,98.61,94.76,92.96,56.51,48.18,35.8,42.98,69.31,96.73,99.39,98.54,51.13,65.35,100,1.46,21.14,88.78,78.74,72.74,90.55,88.9,6.92,8.07,5.85,5.51,91.24,100,90.08,3.73,72.15,61.46,86.19,88.99,76.28,15.11,19.93,90.84,6.81,94.52,100,53,7.29,12.03,35.33,55.93,33.4,21.44,79.45,100,100,3.04,1.2,0.82,68.11,6.49,49.14,15.87,40.68,42.27,87.77,93.82,92.25,97.98,89.02,66.45,0,40.97,96.62,85.57,97.90145668
NVP-BVU972 0.5uM,97.82,90.63,90.45,93.64,97.29,100,94.47,100,100,100,100,100,98.66,100,97.08,99.25,97.2,99.12,100,93.43,100,99.06,97.8,97.19,95.76,100,95.95,1.18,88.91,98.07,97.8,98.31,100,91.83,91.81,90.55,100,97.06,100,100,84.57,94.62,98.31,93.87,100,95.16,96.79,100,100,100,89.36,97.98,98.42,95.36,100,97.73,94.92,98.96,98.33,100,92.07,100,90.65,96.1,66.86,86.18,94.36,64.95,100,92.88,100,100,100,96.58,95.68,97.91,97.42,55.48,44,70.43,88.54,99.17,96.67,100,91.33,95.62,93.73,96.76,96.06,97.05,98.41,100,96.3,98.72,95.06,100,100,100,98.55,97.84,96.2,97.69,95.73,100,100,99.61,97.71,99.02,85.11,100,99.12,97.62,88.57,100,98.94,98.95,100,93.88,99.71,97.86,89.2,97.78,61.46,100,76.26,92.57,100,100,99.95,100,100,94.38,97,95.86,83.7,100,95.68,100,100,99.27,100,87.45,98.26,100,93.69,100,100,100,100,95.49,99.28,94.16,90.92,95.51,100,100,98.95,95.24,100,99.74,100,100,100,94.96,58.86,85.81,100,96.95,96.27,96.61,100,100,97.5,98.27,94.45,95.96,100,93.77,100,95.93,100,89.97,99.03,75.2,99.69,100,100,92.07,100,86.27,100,100,100,95.96,92.54,96.7,100,99.79,100,100,97.9,97.88,95.53,93.05,97.35,97.07,100,85.08,100,92.6,100,95.46,96.16,97.87,98.58,93.7,95.9,100,98.33,100,97.03,86.78,94.55,98.7,96.67,92.39,94.33,95.9,94.34,100,100,95.93,93.75,98.67,94.72,97.39,98.06,99.61,99.24,99.22,100,97.86,100,97.23,97.75,97.65,92.33,96.67,99.4,100,100,99.33,96.53,100,94.61,99.86,98.76,98.21,96.11,99.77,94.56,100,100,100,100,100,81.72,97.73,99.29,96.94,92.5,100,100,98.38,91.46,94.67,95.23,100,96.38,80.51,84.82,60,99.09,95.05,100,97.99,92.49,100,99.45,96.36,84.03,100,100,100,100,100,100,100,99.30445228
PD 166285 dihydrochloride 0.5uM,0,2.78,0,98.57,97.36,100,80.6,1.76,4.25,3.75,7.49,0,18.35,92.66,74.44,89.08,83.79,28.34,0.54,0.33,6.04,1.11,27.88,49.75,0.47,11.28,7.76,71.02,0.42,99.07,93.83,69.14,84.85,93.72,86.26,89.39,100,91.9,100,91.07,96.16,94.94,93.46,96.51,95.09,81.5,67.57,97.84,100,83.44,70.85,100,100,87.95,37.45,61.34,93.49,90.47,86.24,94.08,96.39,96.31,89.1,93.29,100,96.11,97.77,80.93,100,0,98.57,91.33,99.58,80.03,1.03,100,94.6,99.45,95.62,100,100,100,5.79,1.78,0.59,1.06,1.02,2.12,2.57,59.92,0.26,0,0.78,3.35,0,74.61,17.87,83.86,76.56,58.47,17.82,5.08,3.2,1.74,2.96,15.5,0,19.51,14.01,11.01,0.63,0.63,0.28,47.95,100,94.84,100,98.69,100,94.81,91.21,99.41,99.61,0.69,8.93,100,100,100,86.89,89.05,100,99.23,93.14,86.61,32.03,99.98,56.69,93.88,33.35,4.32,13.98,47.61,85.43,100,18.04,3.17,0.96,4.83,89.41,11.46,24.97,0.24,2.45,100,100,100,7.53,5.58,7.55,3.55,43.71,10.66,38.7,23.38,23.98,8.25,100,86,2.62,10.02,32.92,38.38,98.59,92.16,97.1,99.66,96.75,90.37,90.78,51.91,88.98,39.52,40.37,99.79,40.5,39.76,23.55,2.58,88.06,70.73,81.91,100,90.22,7.13,66.21,1.67,11.14,100,100,85.54,99.22,24.73,54.36,38.36,81.67,63.35,99.37,94.26,97.1,3.97,1.98,100,87.46,96.32,98.68,99.32,94.05,91.03,93.83,91.28,93.57,93.66,95.32,97.97,96.57,91.58,98.47,7.51,13.19,87.46,97.44,8.66,89.61,82.72,100,86.75,91.63,95.23,90.2,92.04,50.97,41.25,6.93,2.09,39.42,95.42,99.71,96.4,38.53,39.63,58.43,64.65,71.25,68.83,100,98.89,100,0,46.2,18.3,31.95,100,100,100,13.56,49.44,91.12,91.36,73.53,29.41,94.91,8.31,2.87,44.36,95.52,2.69,21.4,13.92,100,38.56,62.33,15.72,89.64,0.89,64.96,18.39,4.07,17.27,59.71,77.42,100,63.51,51.45,75.5,1,12.28,81.75,100,14.32539944
PD 173955 Analogue 1 0.5uM,5.85,5.46,0,92.81,96.31,96.6,95.98,32.81,87.72,63.65,69.4,1.67,66.73,95.23,19.15,51.01,74.02,81.98,2.27,2.03,6.37,19.53,16.43,34.84,7,52.74,88.83,82.48,0.85,94.2,96.87,95.46,100,97.72,92.54,92.21,100,100,100,96.8,94.84,94.12,94.22,92.98,94.64,100,95.9,88.36,95.5,96.36,94.15,98.6,100,90.74,82.83,59.35,91.97,72.44,53.35,90.08,94.49,97.85,81.47,96.3,98.56,99.9,94.84,99.46,100,7.52,100,100,99.95,100,3.66,98.47,100,95,90.37,89.96,88.05,96.71,37.88,15.74,3.58,5.58,10.57,9.34,36.08,89.37,12.04,4.93,16.08,35.73,5.31,89.93,88.67,68.61,48.57,100,76.31,76.57,35.08,17.61,32.33,8.27,2.24,76.72,51.87,70.87,1.36,6.66,2.4,50.05,98.92,100,100,95.4,100,99.63,90.03,56.75,100,7.39,4.71,100,100,100,100,94.9,100,96.63,99.52,99.15,84.38,96.29,98.62,100,39.54,14.02,9.03,27.62,76.98,100,76.08,19.64,4.05,1.82,84.79,20,9.51,0.86,4.89,100,90.74,94.94,69.68,15.94,22.7,8.69,72.6,55.85,78.79,58.81,78.96,6.43,100,96.72,22.58,5.63,31.65,14.85,95.99,88.3,92.26,95.43,100,92.76,100,60.91,49.37,100,78.75,100,2.79,86.53,24.57,0.93,76.61,18.45,38.21,8.32,64.87,0,94.28,7.3,10.05,100,100,97.31,93.5,45.56,61.25,67.71,95.46,86.53,100,92.46,100,57.68,7.15,91.04,94.08,97.36,96.94,100,81.19,93.51,89.16,91.09,100,90.14,94.54,96.35,94.02,97.43,94.58,61.3,65.95,100,96.72,59.58,100,100,99.31,99.93,99.6,91.05,63.52,91.49,98.05,94.38,0,5.69,50.16,95.32,99.47,95.49,73.48,62.87,77.56,77.45,81.84,90.81,98.5,96.8,91.08,2.02,23.94,68.46,86.28,100,99.4,100,95.2,44.88,81.67,99.77,98.68,75.74,100,46.3,20.69,85.88,99.25,19.23,31.03,100,93.68,100,55.57,78.46,96.63,6.14,49.99,29.41,54.34,50.72,89.35,70.05,100,79.99,52.26,68.4,2.15,17.99,93.69,99.36,100
PDK1/Akt/Flt Dual Pathway Inhibitor 0.5uM,89.75,89.72,44.94,79.72,55.76,81.23,83.46,100,93.07,100,100,100,89.81,100,71.37,84.73,95.42,10.31,100,79.03,84.9,100,84.77,66.74,90.55,22.16,93.13,83.28,80.4,68.72,83.38,93.94,28.49,84.71,85.15,93,91.13,85.38,74.94,76.86,48.87,47.97,70.33,80.62,73.35,59.91,68.11,46.42,79.1,59.64,9.93,94.07,74.44,96.96,100,54.72,85.8,86.84,80.56,85.15,82.19,80.34,100,76.2,79.43,92.11,81.21,78.26,75.89,84.76,99.68,92.17,83.39,86.48,58.71,84.81,83.76,95.05,81.04,100,88.62,88.52,36.99,73.05,100,81.64,61.06,81.54,100,81.95,92.57,89.47,86.1,90.17,97.09,22.24,50.2,86.96,87.51,87.03,89.09,87.55,24.22,59.36,26.7,57.97,79.76,3.06,100,5.79,11.63,33.88,76.23,79.4,100,100,68.41,74.28,57.97,78.09,88.72,83.49,79.2,83.96,89.01,99.29,100,100,97.9,91.14,71.99,73.35,89.18,32.26,77.56,96.9,86.7,71.48,100,82.55,90.38,78.33,51.94,55,1.95,78.69,70.48,64.99,99.09,84.33,85.55,85.17,40.14,100,76.03,66.86,98.16,94.22,78.06,88.09,88.68,94.69,82.96,100,55.73,91.22,85.66,94.12,88.14,63.33,94.65,68.99,79.34,78.25,91.6,82.64,68.68,72.22,89.39,87.83,97.45,100,91.75,100,88.38,46.3,87.97,77.71,100,96.08,96.28,83.56,100,98.16,83.01,88.61,100,95.57,92.53,85.77,86.31,96.13,96.25,97.12,91.38,93.4,100,73.39,64.47,44.11,11.35,79.01,92.46,96.12,94.08,92.78,93.34,76.62,88.55,91.4,83.1,29.29,100,99.04,49.23,59.32,85.7,86.5,83.44,83.03,99.13,91.69,100,100,100,97.53,77.06,28.6,37.27,28.53,94.3,52.06,76.07,100,100,81.53,94.52,81.7,93.63,91.12,53.07,75.05,89.1,62.34,67.19,75.08,90.42,100,92.42,92.54,6.34,100,95.77,80.54,88.74,100,100,46.64,89.2,94.76,89.85,90.22,91.93,90.85,87,2.44,93.37,4.27,100,76.65,29.41,87.2,74.99,90.82,100,77.21,33.29,100,100,100,90.53,70.86,100,100,89.15,69.78,68.23,96.2,100
PF-3644022 0.5uM,77.01,95.48,93.28,99.3,99.36,100,25.16,98.24,100,100,97.83,94.32,63.3,9.7,78.4,58.53,80.08,28.74,66.72,71.76,95.13,92.37,13.13,14.76,100,100,81.31,65.06,74.76,98.39,96.3,100,92.65,19.73,21.59,34.41,80.55,97.69,94.53,45.95,96.23,83.04,94.72,97.78,100,91.31,99.41,100,97.91,97.43,100,96.68,96.49,63.63,78.79,46.48,48.86,96.79,98.42,76,86.96,82.22,86.34,80.57,18.25,29.3,80.01,25.52,93.03,93.72,96.47,73.36,83.04,97.59,100,100,24.19,8.55,17.89,63.43,26.35,100,98.43,100,100,100,100,96.3,98.93,100,100,97.96,99.8,100,98.37,100,100,99.57,100,100,90.03,98.44,84.95,42.17,84.2,54.87,90.37,98.33,42.13,90.99,100,100,81.68,84.05,95.92,100,59.9,89.25,93.97,98.91,97.96,98.06,84.5,78.06,55.71,97.98,100,97.32,98.56,98.13,91.22,100,82.66,100,95.22,90.45,96.58,100,100,100,98.83,100,99.41,100,94.68,82.74,87.31,90.87,94.35,60.95,0.3,70.18,94.08,2.27,12.93,1.75,96.78,94.12,98.23,95.36,96.94,99.2,97.51,90.93,76.09,62.16,100,70.83,95.04,89.22,89.31,90.09,46.5,30.5,100,99.05,100,97.15,69.82,100,100,71.12,92.23,39.53,1.57,99.8,100,99.13,100,98.54,96.94,97.14,100,74.66,99.58,100,97.84,98.59,98.5,100,73.75,100,95.13,97.44,99.27,100,100,72.41,98.68,95.51,93.28,99.3,55.59,57.3,17.73,91.92,4.12,100,100,94.12,100,94.48,94.87,96.2,100,90.56,100,67.61,65.44,72,97.66,79.68,88.72,95.66,66.95,94.28,100,96.44,100,95.65,98.66,94.92,100,42.88,40.45,95.68,89.93,95.46,100,90.99,84.42,73.41,60.57,66.48,100,94.26,96.39,94.87,98.68,93.79,100,69.44,62.32,98.21,76.08,80.59,37.79,99.81,96.04,96.34,95.03,64.89,100,92.87,92.15,96.34,95.04,99.94,100,97.19,98.43,96.63,90.24,95.6,37.65,87.48,90.74,86.06,97.85,99.45,100,88.61,92.86,79.51,87.53,97.64,96.4,76.97,95.35490517
PP121 0.5uM,4.78,6.15,3.9,88.53,97.61,65.74,32.87,10.86,33.78,7.83,5.39,4,62.49,98.51,95.28,99.28,84.8,85.73,4.33,14.5,9.37,1.46,92.72,98.94,12.59,60.84,84.99,97.87,2.34,94.75,100,99.99,100,93.44,97.28,93.3,100,100,100,86.5,95.35,98.49,89.87,84.31,97.98,100,97.98,90.74,89.06,100,94.93,99.04,99.7,86.79,100,92.59,19.1,8.09,5.33,88.35,96.79,93.21,84.06,98.36,81.97,89.36,98.31,76.24,100,58.98,100,100,100,98.82,14.51,100,98.25,93.29,91.72,94.85,84,94.67,40.41,24.88,32.8,59.74,36.48,38.61,17.12,48.35,57.25,20.1,32.65,22.57,13.69,77.62,65.47,100,90.74,65.75,84.71,88.25,8.35,6.75,31.3,26.15,2.19,20.17,71.16,4.82,27.61,2.31,1.64,16.53,95.59,99.94,100,100,99.45,87.59,81.74,90.15,26.71,6.12,60.45,100,99.15,96.41,96.51,43.79,100,96.39,90.13,47.75,84.21,91.95,31.94,81.11,67.07,53.31,80.53,98.37,88.21,100,5.22,53.81,8.26,36.63,72.25,17.66,12.78,1.87,6.91,100,96.65,99.28,79.91,68.39,78.05,69.64,93.22,69.91,29.54,34.04,11.76,76.73,94.67,71.76,97.06,71.5,76.48,56.99,100,95.13,92.98,91.58,92.31,93.06,100,24.04,32.26,20.42,18.42,91.87,55.98,52.82,67.17,92,74.13,92.73,92.6,100,91.06,32.65,94.13,88.59,99.06,100,99.01,99.81,94.12,92.14,90.02,96.62,85.79,80.31,100,91.2,99.48,46.89,35.62,70.75,94.53,96.72,94.67,95.96,87.6,86.12,89.72,64.01,94.13,71.38,79.67,33.76,43.66,87.61,51.2,27.45,24.57,93.46,60.44,15.83,94.25,93.57,95.31,98.89,96.86,73.47,95.07,87.88,100,64.73,5.33,0,47.58,88.11,51.46,63.94,99.61,72.49,97.49,91.44,92.66,94.21,93.21,98.5,97.03,5.01,15.23,74.92,81.24,100,97.71,90.82,91.1,8.59,79.04,98.8,99.36,90.97,98.1,73.62,79.9,62.99,98.3,57.23,25.03,100,94.84,87.99,89.42,79.39,95.4,8.98,39.16,43.59,84.87,95.93,99.55,100,81.59,94.87,28.97,47.2,1.38,8.09,99.36,97.9,100
Rho Kinase Inhibitor III Rockout 0.5uM,98.8,91.86,96.15,100,96.36,100,100,100,94.67,98.8,100,97.72,94.81,100,78.03,95.94,93.08,99.81,99.59,95.79,94.03,85.51,90.26,98.55,100,93.23,92.99,91.39,99.97,100,98.45,100,98.96,100,90.49,100,92.64,100,100,100,90.64,95.97,99.71,91.71,98.19,100,100,91.99,96.04,97.55,100,96.97,91.21,75.18,100,99.27,100,100,100,79.19,95.04,100,95.01,94.95,100,100,92.56,100,99,100,93.92,97.69,100,98.08,92.57,100,93.01,77.62,90.49,77.45,100,98.7,97.34,100,100,100,100,99.4,100,98.21,100,100,100,99.98,89.72,95.64,83.68,98.94,100,97.66,91.59,100,92.72,100,98.91,84.58,94.53,97.89,91.51,100,100,100,98.69,100,97.73,95.37,94.9,99.24,100,98.37,100,100,62.34,99.53,54.35,97.37,94.06,100,93.8,100,100,100,96.45,90.5,100,100,100,94.78,100,93.84,95.27,100,100,100,94.17,100,100,92.04,90.71,93.71,92.77,100,100,100,97.76,96.14,94.52,100,98.01,94.72,96.46,100,94.86,100,100,84.56,100,96.75,96.2,83.31,100,95.2,75.5,39.18,99.88,100,96.73,90.99,96.03,100,100,93.54,100,78.91,96.43,100,76.91,100,91.61,95.41,93.41,100,100,95.08,97.2,100,100,100,100,79.94,97.81,99.12,83.99,100,96.71,93.8,100,100,97.13,94.96,100,96.57,90.31,100,93.51,100,100,91.61,100,97.4,95.06,89.49,83.22,81.5,84.89,99.37,82.38,95.5,90.68,100,98.26,95.75,64.81,77.66,38.27,66.4,80.81,100,99.9,95.29,54.25,95.35,93.18,97.28,89.91,95.95,84.16,71.86,98.95,81.55,93.82,97.35,88.96,100,93.77,91.02,92.82,90.45,100,100,100,100,100,100,100,100,97.28,100,99.83,98.6,95.45,88.42,92.07,100,93.42,100,100,100,95.84,96.95,100,100,96.9,100,100,100,98.14,83.76,100,82.98,100,89.31,96.88,100,97.06,100,100,100,100
SB 218078 0.5uM,72.66,68.05,2.39,63.9,48.52,27.14,36.91,78.58,85.82,100,100,100,2.09,56.2,22.28,9.52,36.48,38.13,37.68,27.48,100,83.92,14.81,13.56,43.26,60.84,13.63,76.89,69.51,69.74,50.49,33.57,56.53,2.84,9.85,7.03,8.36,98.71,27.21,7.93,61.65,29.86,15.64,28.55,71.48,11.18,22.23,27.97,23.32,6.06,19.91,80.4,15.76,8.52,3.63,13,100,93.77,47.33,96.1,81.83,100,16.74,4.47,43.08,52.12,97.02,20.32,94.63,79.7,91.75,32.66,39.35,89.62,80.13,98.85,8.65,8.74,3.15,5.94,16.58,87.77,78.34,90.12,91.26,96.53,91.44,78.68,63.93,69.21,89.87,80.21,98.38,93.23,75.42,98.38,72.46,100,88.68,23.48,5.39,42.08,29.13,34.11,36.32,70.4,30.86,13.31,0.19,4.97,29.34,100,59.91,3.75,97.92,100,77,88.73,55.58,53.41,2.19,4.6,18.46,24.79,0.99,93.61,32.57,49.89,29.15,63.79,100,97.84,23.86,17.19,37.52,14.04,7.16,8.29,22.22,14.19,1.87,98.53,96.15,100,4.55,2.69,36.21,49.34,50.46,9.25,1.91,35.38,73.59,99.24,93.06,80.43,10.43,4.88,8.53,5.31,29.48,87.94,13.97,18.37,7.13,0.9,19.27,4.01,7.76,8.72,2.66,1.37,48.64,9.71,84.03,100,9.88,12.36,63.63,3.56,3.22,14.25,20.52,25.83,19.07,50.86,60.63,93.76,100,22.03,93.08,99.12,23.41,74.13,92.41,100,100,100,100,2.38,35.01,23.61,43.9,41.67,75.29,64.66,85.4,43.27,39.85,32.83,19.08,10.62,2.75,75.57,0.44,1.86,0.24,44.74,39.81,13.94,22.47,6.42,19.05,28.44,47.62,32.85,86.42,1.89,0,43.17,87.41,2.02,35.65,41.29,6.01,2.68,15.9,50.22,62.39,52.49,17.46,41.51,100,3.21,79.65,45.54,88.7,73.67,87.75,1.6,1.58,2.35,1.33,1.08,23.85,18.57,71.7,33.92,25.97,52,100,88.08,100,58.05,17.7,34.36,12.73,46.19,88.33,15.79,6.06,66.92,57.41,24.47,7.4,100,70.34,94.13,14.11,4.98,6.87,1.41,87.15,22.69,21.81,4.32,55.28,73.13,89.1,33,90.16,16.86,93.57,85.98,31.86,89.7,88.44,24.58,100
SB202190 (FHPI) 2uM,87.19,70.1,46.66,92,94.5,89.33,93.17,76.59,100,71.39,91.66,3.86,98.85,100,98.28,94.09,92.87,97.76,85.32,85.18,5.24,28.83,100,95.7,87.54,100,79.58,86.1,69.32,100,94.04,100,100,96.18,93.58,97.31,100,94.02,100,99.25,96.9,97.77,96.79,94.61,100,95.49,95.88,97.67,98.88,98.75,100,100,99.16,86.89,100,98.59,24.48,5.74,18.86,88.07,86.17,89.52,96.74,96.04,98.6,100,99.22,100,97.94,81.19,98,96.18,100,100,70,97.43,99.88,100,95.84,85.51,86.35,100,42.37,86.7,76.1,95.57,86.94,92,33.18,84.77,95.57,80.18,93.07,83.71,82.33,68.32,71.93,100,98.82,100,97.06,100,96.41,95.94,97.29,97.97,76.01,95.3,96.45,96.22,94.57,100,86.49,92.34,100,100,100,95.47,100,99.63,80.39,34.55,73.48,85.81,51.24,100,98.97,100,95.8,95.75,97.81,97.67,97,100,89.8,95.78,97.27,100,100,96.87,100,65.88,43.06,100,91.84,79.92,61.28,80.73,100,79.94,97.45,73.7,88.74,91.77,99.58,100,98.11,100,100,99.53,94.57,75.83,97.61,90.98,95.5,68.43,100,96.45,95.74,27.92,19.58,19.66,92.7,94.59,90.38,98.46,93.85,94.1,92.75,100,100,91.65,86.34,91.29,82.35,96.45,95.12,100,100,100,100,100,99.52,10.78,93.96,3.71,1.23,92.89,92.23,68.6,78.78,100,100,100,100,100,100,47.89,100,100,93.1,98.27,96.68,98.93,95.39,94.59,96.81,52.19,20.41,89.75,29.32,43.56,88.32,89.9,91.31,88.37,90.34,61.52,48.66,98.52,97.9,39.73,75.95,81.34,89.1,91.98,100,98.93,100,96.99,54.84,95.08,0,64.31,56.15,98.02,79.09,73.18,99,99.53,93.36,93.76,87.93,88.52,98.93,90.04,85.98,48.98,74.51,100,99.52,100,100,94.88,96.06,95.39,97.66,99.43,96.19,97.24,97.67,92.03,90.89,100,95.8,93.1,77.36,97.19,97.7,100,97.53,99.48,99.88,54.94,90.3,96.62,95.55,99.78,100,97.92,93.17,95.8,91.75,88.49,73.73,64.39,95.07,100,100
Staurosporine 0.5uM,23.01,5.25,2.17,7.49,5.51,2.97,0.86,83.74,91.87,100,100,100,1.59,4.72,2.43,4.3,5.21,13.27,1.57,6.22,100,32.6,0.52,3.53,7.82,8.67,2.63,32.74,1.46,2.22,4.82,0.89,4.71,0.47,1.64,3.05,0.7,34.82,0,0.24,2.7,10.22,0.25,8.5,8.24,5.05,15.98,2.78,1.92,1.02,11.71,43.78,9.24,1.38,1.63,1.33,79.71,91.23,78.21,91.45,75.74,96.05,87.9,66.62,11.88,3.71,85.99,6.62,100,8.01,75,3.55,4.07,11.03,3.83,4.83,3.12,4.6,0.85,69.87,31.33,96.16,32.45,31.03,21.33,13.99,6.7,9.28,5.57,11.52,25.67,11.97,27.6,75.16,37.57,35.87,48.8,97.21,97.45,4.34,0.82,4.11,1.71,3.25,3.69,47.2,0.27,7.88,1.12,4.29,1.76,5.5,3.59,0.53,56.82,50.31,20.52,20.79,7.36,0.74,5.78,4.4,6.94,3.26,1.91,96.48,84.68,100,55.34,14.78,40.33,53.43,0.3,3.14,7.47,3.46,1.71,2.89,2.07,1.85,0.74,100,100,100,4.46,0.46,1.84,5.51,18.65,0.28,1.01,1.18,5.72,40.4,85.14,45.97,0.21,0.02,0.72,0,3.83,8.43,1.25,5.41,0.97,1.57,15.22,2.18,7.59,7.1,3.26,1.09,20.33,5,1.75,1.99,1.24,6.74,79.63,0,1.11,1.6,4.43,12.21,2.77,3.99,37.02,79.9,91.92,46.8,88.63,95.78,27.18,20.53,14.2,100,98.83,86.64,100,0.14,4.7,1.59,0.68,2.37,4.95,2.34,4.74,3.74,27.77,2.11,2.28,4.41,1.43,3.42,1.47,10.4,0.63,1.93,3.05,1.23,4.13,3.03,5.61,0.8,0.41,0,4.59,1.42,0.98,2.81,21.98,1,5.01,3.31,7.12,0.15,2.96,36.88,94.75,37.79,3.5,2.71,100,0.64,46.96,18.72,0.61,0.72,44.75,0.86,3.52,0,1.61,1.67,8.59,7.77,23.47,0.14,1.83,20.35,100,17.84,40.95,48.4,1,3.22,10.67,10.02,8,4.66,7.96,0.93,1.02,2.11,0,91.13,100,22,2.83,0.77,0.37,0.99,1.18,7.33,0.54,1.85,7.27,3.27,2.7,1.82,84.12,73.1,93.14,73.62,4.48,98.32,5.36,1.91,23.49303326
"TCS ERK 11e (ERK Inhibitor VIII, VX-11e) 0.5uM",99.25,97.07,82.26,99.02,100,100,90.68,96.66,89.66,88.86,99.03,99.71,71.46,89.96,93.47,100,90.08,93,95.95,90.33,88.24,100,98.16,93.61,92,95.02,92.04,88.04,94.69,98.32,96.84,98.41,91.04,97.98,93.63,94.34,100,93.31,100,34.15,91.57,94.49,80.53,84.11,88.19,81.83,90.79,63.18,68,87.61,85.15,97.9,100,97.5,80.11,54.35,98.98,94.03,100,90.09,94.06,98.24,92.97,91.98,100,96.91,100,98.09,98.94,94.77,95.06,93.25,100,98.26,100,100,87.52,96.39,94.38,96.16,99.66,100,97.03,98.21,95.85,98.41,100,95.49,89.75,94.28,97.36,96.64,96.34,85.86,91.16,98.86,100,0.56,0.41,97.03,88.95,90.05,99.43,100,100,93.88,92.07,98.06,79.49,99.27,87.28,100,90.63,96.95,94.06,91.16,100,100,100,93.79,86.63,93.81,94.8,100,90.61,100,94.47,100,93.38,94.95,100,96.9,98.98,98.62,100,98.92,91.62,99.67,98.03,100,99.65,93.28,91.22,100,98.64,100,87.1,100,100,92.43,91.85,89.96,99.42,100,100,100,98.73,98.02,99.01,100,99.48,92.28,97.57,93.55,92.34,86.85,99.37,96.45,91.38,94.14,100,84.24,100,95.96,100,97.83,100,97.8,100,90.58,100,100,88.9,98.08,100,90.55,89.68,100,99.43,96.17,100,100,100,91.65,96.38,100,99.95,100,100,93.59,99.38,98.78,100,95.17,95.15,94.52,99.23,66.14,90.68,100,92.74,97.65,95,93.66,98.27,99.9,100,100,100,99.68,100,100,92.98,98.16,97.6,99.75,98.74,77.04,72.79,88.57,93.7,77.76,100,86.94,100,90.29,95.82,98.98,85.67,97.78,87.17,66.74,100,100,79.43,100,100,100,95.93,100,95.34,95.87,93.58,99.03,90.14,71.82,100,96.44,100,94.08,97.76,100,100,100,94.07,89.84,93.5,88.54,99.1,92.65,100,97.89,100,100,94.8,95.01,100,100,100,97.83,97.91,94.05,93.15,92.67,96.92,95.13,100,100,92.3,91.34,100,81.98,99.39,88.97,95.27,98.2,94.96,100,98.05687251
"Vargatef (Nintedanib, BIBF 1120) 0.5uM",6.16,8.71,21.36,99.09,100,96.25,6.61,27,56.89,82.61,67.6,100,7.09,96.97,41.54,36.34,42.88,16.05,2.15,4.77,99.68,39.12,69.5,76.49,1.83,27.85,18.12,92.89,2.5,46.16,53.59,22.82,66.2,28.33,76.98,40.36,86.2,93.96,63.1,75.01,100,98.86,95.85,96.24,98.52,85.6,85.63,93.9,100,37.9,91.74,88.12,100,100,21.71,72.81,97.31,99.35,86.67,93.63,98.9,98.7,90.12,94.04,82.14,98.55,98.57,68.29,100,28.49,100,85.52,83,92.2,4.39,94.46,55.58,100,57.82,99.23,97.42,96.29,89.47,68.91,46.57,84.31,61.39,68.89,20.65,71.35,84.06,9.58,36.99,78.94,20.61,75.7,93.08,100,96.66,56.84,3.81,12.84,6.16,5.15,10.58,59.08,4.57,8.57,6.22,0.61,2.66,65.87,4.06,91.07,96.91,100,92.39,81.92,60.02,84.6,81.83,61.66,96.97,11.11,12.34,100,97.49,87.98,96.84,20.91,100,97.62,29.88,14.8,86.24,85.81,2.49,32.02,83.29,10.92,5.49,87.35,91.09,100,1.71,14.45,3.61,84.05,100,12.8,13.74,1.89,7.93,94.53,98,96.62,67.56,48.06,70.97,48.34,63.64,60.77,39.23,26.61,2.49,18.57,100,16.79,68.2,28.91,75.48,40.71,100,97.07,99.77,98.81,50.18,87.2,100,7.66,34.41,7.14,6.76,80.41,36.84,98.72,95.55,100,100,97.69,91.39,100,96.78,91.54,96.47,76.69,90.49,100,98.25,85.83,97.74,88.26,92.56,95.86,94.95,91.83,100,96.22,92.68,3.24,2.77,88.34,71.41,81.61,68.84,90.83,82.88,92.05,99.66,89.14,99.1,89.53,99.19,92.17,94.03,91.82,95.16,77.73,84.93,100,99.32,83.68,67.88,64.85,92.34,85.9,94.33,97.42,100,96.21,94.83,87.72,100,0,77.67,96.35,93.96,95.89,98.52,36.41,27.17,43.94,26.51,39.4,93.73,91.98,100,1.14,49.35,28.01,93.89,100,100,56.78,26.45,7.52,60.46,100,96.46,91.85,22.3,89.29,91.41,100,33.4,40.92,100,32.27,98.47,11.36,6.2,2.55,95.72,11.57,32.92,25.21,33.04,80.79,94.93,83.65,99.14,92.75,96.65,78.96,0.9,43.15,98.73,65.78,100
WZ3146 0.5uM,35.5,46.01,64.16,98.63,100,97.55,76.05,95.59,100,100,96.66,98.45,5.66,95.64,3,20.65,22.86,52.3,1.04,0.8,100,73.65,93.71,95.08,2.16,90.03,91.94,86.5,48.84,93.34,96.58,87.1,98.46,92.53,91.73,88.92,98.8,100,92.87,58.89,92.26,97.78,82.18,83.44,88.44,56.49,57.27,87.25,89.28,69.96,82.22,82.24,99.24,71.21,70.93,32.54,100,100,93.86,100,90.7,98.02,32.17,44.9,70.17,87.9,92.52,66.85,99.04,92.76,100,94.19,97.98,83.76,86.38,91.48,34.29,91.51,75.65,80.75,69.34,95.08,0.61,97,98.88,96.02,97.66,100,95.6,84.51,96.65,89.21,96.81,94.84,94.52,2.66,2.89,97.77,95.53,34.43,35.54,28.85,39.52,37.6,59.93,86.37,55.95,66.92,4.81,32.56,19.38,100,72.06,85.45,99.99,100,99.41,98.59,98.71,96.34,88.41,86.77,97.91,92.4,92.97,44.9,97.12,76.36,73.9,56.27,100,98.77,94.43,86.33,62.4,89.16,44.78,1.26,65.44,25.53,0.42,66.28,83.81,100,50.55,100,46.02,72.14,96.47,82.32,51.97,76.86,88.03,95.26,100,100,58.43,42.43,42.88,34.19,98.58,95.67,99.92,95.08,61.55,92,92.63,95.19,79.96,16.25,50.1,36.26,96.8,92.26,100,96.18,77.6,87.47,100,90.14,100,87.78,100,80.1,89.88,86.28,79.68,92.13,78.22,94.7,100,100,74.87,85.38,94.19,95.88,100,94.52,98.48,90.15,94.63,81.79,89.74,83.61,82.64,46.42,100,95.45,95.96,100,75.5,92.88,67.41,93.02,98.18,96.9,91.39,86.07,97.41,81.14,98.13,94.43,96.17,97.11,98.56,99.4,98.65,67.57,54.35,100,96.66,65.43,94.62,81.29,94.72,97.73,94.2,94.92,94.32,93.1,92.71,73.78,100,8.8,90.44,81.66,94.13,100,95.74,16.13,83.78,66.56,72.95,70.49,93.17,65.22,100,39.3,92.23,27.75,96.5,100,100,43.88,71.85,100,50.27,97.35,98.91,65.95,72.89,70.06,55.65,85.46,88.82,16.6,100,79.89,100,40.18,35.37,30.29,96.58,4.9,87.79,43.28,86.83,72.95,92.18,87.28,100,99.18,98.51,90.54,24.63,15.75,100,95.62,100
Y-39983 dihydrochloride 0.5uM,96.87,95.94,76.51,82.08,95.05,90.52,84,92.66,100,100,99.92,97.56,80.77,88.59,100,93.81,94.66,92.08,97.25,92.83,100,94.2,89.45,79.05,94.68,98.5,93.11,97.33,95.14,96.68,100,98.96,100,82.52,83.83,77.31,98.71,92.56,99.39,99.77,82.3,83.45,81.69,86.77,89.2,98.18,92.41,92.85,88.71,98.3,92.25,93.27,89.89,57.89,89.85,80.38,81.39,99.46,100,68.62,80.21,83.46,95.48,90.35,30.43,50.95,98.7,30.4,100,90.5,99.25,98.22,100,91.6,100,95.49,91.82,72.78,35.6,80.76,87.77,100,100,100,100,99.52,97.85,97.39,96.75,98.64,97.5,100,100,100,96.51,92.43,100,99.03,99.23,92.93,84.96,97.29,100,98.83,97.64,95.94,92.85,93.53,70.28,95.27,100,94.51,92.95,80.7,98.95,100,100,89.26,96.9,93.62,99.6,100,91.08,100,66.07,92.1,100,100,91.65,95.64,100,82.16,81.18,97.08,94.1,99.34,97.95,100,90.58,92.62,100,98.37,95.48,100,93.63,92.79,97.31,94.1,89.42,79.41,16.86,88.54,100,94.39,100,100,86.72,92.58,97.97,98.37,96.26,93.08,97.42,90.82,82.77,77.49,88.79,91.99,95.54,76.72,81.87,92.8,38.45,67.5,43.38,28.08,88.96,84.35,100,97.59,98.09,85.25,92.91,57.59,86.31,100,100,100,90.07,98.61,83.24,100,100,93.62,96.43,96.39,100,100,95.56,87.54,92.47,94.56,99.23,94.43,99.02,99.61,100,82.42,55.25,97.04,94.2,86.68,89.78,96.67,95.03,100,94.24,64.93,89.69,83.18,100,93.66,6.82,8.44,4.94,89.29,95.22,45.22,40.83,53.21,96.27,58.61,63.48,77.16,48.75,43.68,66.9,99.41,100,96.17,66.11,99.4,100,91.71,84.4,97.72,0.75,1.44,96.36,80.16,81.4,73.89,56.73,71.57,99.59,98,98.81,68.88,100,56.78,97.68,100,100,95.55,86.65,92.55,73.78,96.2,97.45,98.8,88.79,83.66,100,94.52,90.24,94.48,100,100,97.47,94.18,89.33,70.33,100,94.81,64.33,89.63,100,63.11,94.58,89.08,42.14,100,95.35,96.5,100,100,97.69,95.94,99.27032653
"Dovitinib (TKI-258, CHIR-258) 0.5uM",49.8,72.82,92.83,99.06,100,97.74,88.84,98.35,100,100,100,100,23.39,100,95.83,74.24,96.2,88.6,35.63,86.12,96.84,99.72,86.12,93.84,84.78,77.75,90.44,91.89,53.35,100,98.54,96.52,100,80.59,100,86.98,100,98.98,93.29,100,93.79,98.3,97.08,92.97,95.91,94.23,96.96,100,98.35,96.18,78.36,100,100,99.41,61.17,100,97.24,99.3,100,100,99.92,100,95.14,94.77,96.07,100,97.13,92.55,100,96.21,100,100,100,95.25,93.03,92.6,94.61,100,95.25,100,100,100,98.66,100,100,98.96,100,100,88.44,100,100,89.84,98.85,98.64,93.13,95.46,100,100,97.44,100,88.99,97.62,52.9,46.08,47.82,92.24,23.69,62.41,2.53,54.31,50.17,94.04,51.6,93.64,100,100,100,88.5,99.79,98.03,98.35,100,97.1,84.22,32.37,88.93,98.2,100,98.94,92.6,92.27,94.36,80.47,96.12,91.23,87.34,95.83,93.96,100,94.93,93,99.94,96.1,100,70.53,19.29,40.07,100,100,88.18,78.44,29.69,56.25,98.75,100,100,75.19,76.03,78.21,68.94,90.08,70.31,98.71,84.29,43.6,34,98.02,97.18,12.24,77.07,89.54,77.05,96.85,97.06,99.86,97.62,87.49,89.31,100,45.04,100,79.6,100,100,100,100,100,96.41,100,100,100,100,88.89,95.07,91.6,98.97,100,99.69,100,93.39,94.49,100,100,97.36,100,100,100,97.44,100,73.68,60.36,94.32,78.89,98.88,92.15,94.48,98.35,100,99.92,100,98.62,100,95.97,96.75,99.61,88.87,98.32,93.23,94.9,96.84,100,93.25,83.41,97.22,93.67,80.44,95,100,98.32,99.85,95.81,100,100,9.11,100,100,95.46,97.84,100,100,69.34,72.56,51.96,66.55,88.99,88.21,93.13,72.38,100,67.77,100,100,99.94,100,86.59,92.68,84.5,100,100,96.67,83.84,100,100,92.8,84.3,96.25,100,96.65,100,32.56,24.73,5.61,97.85,96.73,100,89.8,66.58,73.5,92.65,95.01,98.8,100,91.06,100,26.14,100,94.49,100,85.14632348
LY2157299 0.5uM,89.79,96.81,97.33,95.8,94.14,100,90.47,91.39,91.44,27.42,28.43,59.83,96.99,93.03,100,100,98.91,93.31,96.77,88.19,70.62,97.01,99.17,95.19,90.75,99.34,86.32,82.85,90.66,100,95.69,97.4,89.16,98.4,97.12,96.1,96.64,85.64,99.03,90.55,93.83,97.54,94.8,94.7,93.55,97.21,100,96.13,100,99.98,99.57,99.17,100,97.2,85.53,98.47,80.9,73.51,82.98,87.81,95.32,88.37,89.4,95.18,100,100,100,100,98.84,89.1,89.75,100,100,100,100,100,100,100,99.38,100,100,100,94.41,95.09,93.82,93.04,100,94.86,83.87,98.17,97.21,96.42,96.83,86.28,89.69,96.77,95.94,100,98.56,100,87.21,91.66,98.41,100,100,92.04,88.76,93.39,86.14,98.7,83.33,97.71,80.79,91.33,99.51,99.46,100,100,100,94.99,93.12,82.46,100,99.5,35.44,100,99.43,100,99.41,89.6,100,99.81,97.44,97.65,99.35,95.86,95.82,100,98,100,100,97.06,94.77,100,92.61,81.86,83.95,100,100,94.74,100,84.36,94.36,94.16,100,100,95.21,98.45,100,99.86,100,93.85,83.4,100,94.73,39.66,92.8,95.2,94.25,95.13,96.28,80.59,67.05,96.99,100,100,100,100,98.35,95.4,100,93.69,96.11,98.64,100,91.7,94.88,100,100,97.8,98.61,100,100,30.3,91.19,43.4,83.6,100,100,97.19,100,98.3,100,100,96.41,100,97.25,95.31,98.33,100,91.28,98.39,95.08,100,98.88,100,100,100,100,100,100,100,97.19,100,97.36,94.74,95.06,91.37,87.08,86.11,99.47,87.53,89.27,81.76,100,88.49,66.43,97.44,98.05,92.54,97.72,95.49,57.79,98.22,53.58,91.43,99.55,100,100,98.7,99.47,95.34,95.47,100,96.14,97.24,97.28,97.55,98.71,97.6,100,100,100,100,95.51,100,96.6,98.35,97.13,96.76,100,99.37,100,95.43,97.28,92.31,68.71,99.62,96.36,98.56,96.22,98.41,100,94.71,98.34,96.8,100,97.68,94.84,94.24,100,96.75,99.18,94.11,85.81,69.01,94.69,100,100
Go 6983 0.5uM,100,77.68,77.9,98.98,100,63.71,96.02,87.81,97.97,100,100,95.53,32.16,95.11,86.58,88.55,90.35,98.7,78.8,96.3,93.97,91.99,81.87,61.31,90.2,88.8,83.96,85.58,79.8,90.24,100,73.27,95.02,100,89.93,74.84,91.15,90.32,94.85,81.96,95.65,94.42,100,97.9,78.82,78.57,95.46,100,81.4,63.97,84.96,88.02,54.58,69.74,88.77,38.76,62.29,92.02,86.38,84.09,82.24,77.8,95.94,99.28,48.24,77.95,43.62,32.77,93.85,83.99,99.26,100,81.12,84.76,100,97.73,83.95,84.7,79.96,92.36,80.97,97.27,92.56,76.17,91.34,94.08,94.48,87.17,100,88.83,100,91.66,78.68,96.97,94.19,100,93.4,92.98,100,88.23,70.93,100,58.95,90.71,87.46,79.19,100,22,23.17,23.56,92.85,91.31,100,56.26,99,96.33,92.78,100,96.16,100,14.04,31.98,93.49,100,37.75,77.75,96.27,74.11,100,100,96.5,99.63,100,94.06,89.01,91.17,100,70.38,100,97.47,100,79.96,86.14,88.78,40.72,27.67,93.58,81.77,100,31.66,86.98,100,94.17,99.68,92.29,98.1,93.23,91.78,92.15,95.95,85.02,100,80.58,82.84,70.71,78.58,91.6,66.92,95.99,57.56,83.44,75.56,92.84,81.14,89.22,89.45,61.28,78.57,89.51,65.19,72.22,36.59,40.4,53.49,100,94.69,91.58,99.72,98.27,90.68,100,99.07,90.27,87.87,97.7,100,96.68,100,84.8,19.72,65.39,87.41,100,100,94.75,67.63,70.37,83.82,96.84,85.18,75.78,76.7,66.36,98.3,11.63,90.51,5.01,77.86,100,3.14,19.29,14.25,1.67,14.64,6.85,54.02,67.62,68.85,91.93,4.5,78.23,92.29,99.51,79.43,60.67,34.72,94.98,100,100,93.01,100,100,99.27,79.87,70.22,82.84,93.5,89.19,91.33,52.39,15.99,6.55,5.46,4.52,99.52,92.59,100,100,69.42,80.96,95.86,100,88.05,93.06,80.28,55.65,56.21,100,100,68.48,100,99.46,80.78,78.21,90.71,97.88,100,100,100,83.14,88.09,54.89,85.45,82.75,81.93,100,90.71,99.02,96.13,100,76.71,85.1,96.49,92.01,90.39,95.89,90.28,75.47,100
NVP-TAE684 0.5uM,24.24,20.66,2.53,97.45,97.69,100,0,11.31,15.98,28.8,47.21,89.41,2.64,91.43,0,11.5,12.88,5.4,10.63,51.17,84.68,2.5,8.9,16.73,28.46,49.07,5.44,62.44,16.09,77.21,74.29,53.14,80.1,1.54,7.6,4.41,31.03,88.56,32.7,5.66,52.01,53.33,62.69,59.76,70.7,56.36,43.22,33.06,24.17,47.93,66.68,39.69,99.25,92.1,9.52,0.39,97.58,94.63,97.97,90.69,97.33,92.36,95.43,94.84,5.88,7.97,76.58,19.2,88.02,44.64,100,88.91,94.43,20.05,34.53,100,94.8,80.98,68.81,93.4,96.43,100,34.59,15.73,55.81,86.47,42.08,72.66,20.64,19.48,98.95,8.75,64.78,68.14,46.09,41.91,22.3,89.17,91.82,0.77,0,0.9,7.01,4.77,12.07,15.53,12.83,27.31,1.04,5.51,15.16,8.93,29.33,55.84,93.59,94.02,60.91,71.65,44.34,69.67,92.76,94.07,96.56,22.1,43.25,100,100,100,83.18,2.13,98.4,100,91.38,1.25,17.63,29.19,0.69,68.56,48.3,15.88,13.17,39.73,61.71,100,30.3,14.92,15.94,33.55,81.01,11.43,1.08,16.04,32.53,97.74,99.41,100,4.58,1.44,3.13,2.4,97.02,89.33,86.01,86.64,32.02,47.22,93.06,70.21,98.77,17.31,53.63,57.34,94.62,59.1,99.4,88.62,78.47,86.34,72.72,25.78,60.59,52.72,61.4,85.34,2.77,49.15,91.49,75.35,94.75,72.55,79.9,84.97,6.85,88.2,33.9,92.12,86.32,100,100,90.56,51.78,43.65,61.99,57.95,85.11,52.93,92.45,90.78,94.91,43.34,52.23,90.48,4.25,5.38,96.79,100,100,75.63,92.22,88.34,90.35,82.13,87.67,83.25,96.25,94.16,95.74,14.64,11.95,81.39,100,10.95,35.81,40.88,80.49,45.04,66.22,11.82,84.15,15.74,84.13,1.35,92.92,16.44,72.97,71.84,39.57,53.21,79.79,0,3.89,1.75,1.36,5.77,99.81,96.47,93.46,4.84,10.52,3.78,100,70.22,81.36,79.49,0.21,60.27,54.57,91.35,46.51,48.71,82.84,6.66,52.52,42.09,69.99,65.53,67.66,7.88,95.17,34.53,19.51,18.41,8.16,30.6,2.22,22.17,45.91,4.06,6.73,10.55,70.65,92.78,100,86.93,1.75,94.72,90.36,87.6,81.82801235
SU6656 0.5uM,44.265,54.535,11.815,96.07,99.12,96.75,40.48,100,99.325,100,97.635,99.81,13.61,99.365,12.965,11.13,29.945,27.065,11.635,96.16,94.58,59.35,29.805,41.04,95.455,67.185,19.905,92.675,22.605,100,96.745,99.405,98.57,57.665,67.25,66.005,95.275,94.515,65.125,22.34,65,64.71,86.735,85.705,95.905,100,94.365,70.345,72.28,96.26,90.105,65.45,98.265,95.795,82.325,53.16,95.845,99.83,99.5,95.2,96.88,100,99.11,92.055,76.735,36.555,90.09,49.27,97.32,90.26,100,100,96.76,76.475,98.16,99.145,98.965,76.89,85.89,97.705,98.935,99.1,96.13,97.255,97.7,97.79,89.01,92.55,68.1,92.415,99.5,80.66,97.57,99.32,86.86,98.725,100,100,99.935,29.3,51.61,65.88,74.01,42.105,60.485,93.315,15.615,89.57,11.97,80.05,36.055,90.075,30.29,22.315,96.68,98.055,89.925,92.665,84.24,79.42,98.93,97.805,97.905,28.89,47.855,98.605,99.095,100,98.005,91.345,98.315,98.865,84.67,93.05,4.99,51.06,89.705,61.175,63.885,38.04,64.585,93.75,98.09,100,95.13,3.01,34.02,60.28,95.215,15.145,2.325,16.465,39.16,99.415,100,99.875,53.11,57.87,66.08,51.36,87.715,84.31,47.92,50.635,87.455,68.505,97.31,95.185,98.965,73.79,96.845,66.93,97.88,88.91,95.14,98.765,98.96,95.525,80.32,17.965,24.87,45.78,41.15,86.04,93.425,95.34,89.705,94.205,99.08,94.655,95.365,100,94.485,95.8,91.115,99.105,100,100,99.81,94.535,94.075,97.495,95.685,97.14,98.775,100,99.455,96.185,99.86,88.655,95.85,97.765,75.02,76.2,98.905,100,99.21,97.265,99.53,97.46,99.175,92.01,94.755,97.06,88.85,88.855,94.85,97.525,91.035,100,98.19,100,89.8,88.765,97.975,90.57,86.74,99.355,96.28,95.575,97.905,59.125,98.87,6.405,94.43,97.715,88.74,84.01,96.13,82.45,69.035,66.09,53.7,67.12,98.365,100,97.365,77.795,19.595,66.645,98.34,59.605,48.255,100,63.56,66.88,77.765,96.96,98.84,77.655,89.87,75.74,89.34,58.43,87.19,95.915,98.38,97.685,96.465,27.755,13.715,2.93,94.835,94.585,63.375,10.31,52.28,4.9,21.535,37.33,96.63,95.36,97.84,98.23,12.63,99.68,94.93,97.175,100
MGCD-265 0.5uM,13.78,28.84,0,98.36,100,98.39,80.83,81.19,99.45,100,95.09,85.37,100,100,24.6,28.19,71.4,2.34,5.13,11.58,96.45,6.73,100,100,36.03,33.29,1.74,3.48,7.38,100,97.85,98.21,99.33,100,95.87,99.84,100,97.59,85.1,71.64,92.2,96.07,99.86,98.16,100,100,99.57,97.71,100,96.84,98.4,100,100,96.2,99.31,87.22,100,100,99.01,96.35,100,100,95.24,98.04,100,99,99.34,89.69,100,58.56,100,94.99,100,100,4.05,100,99.18,100,97.78,100,97.76,100,98.07,59.2,50.93,52.02,64.41,53.39,15.29,18.61,55.28,67.45,47,98.76,39.06,100,90.36,100,99.9,100,23.14,25.16,84.31,66.71,84.98,96.65,4.31,57.36,5.45,41.76,12.64,32.63,27.94,75.35,99.81,100,100,92.82,100,100,99.45,98.09,99.69,4.28,9.54,100,98.69,100,47.35,98.23,96.39,99.86,87.25,85.01,94.35,98.87,86.47,62.99,100,99.43,100,96.18,97.7,100,25.25,3.65,1.6,50.48,100,47.36,61.81,9.5,15.62,96.43,98.92,100,95.39,99.47,100,94.84,62.42,49.73,88.8,99.22,99.3,4.36,100,100,83,20.12,82.93,33.52,86.7,29.74,98.73,100,100,93.35,98.27,93.69,100,90.28,96.53,96.67,56.35,100,100,97.85,100,100,100,100,100,96.65,95.13,96.85,100,98.43,100,92.27,99.91,100,99.87,100,100,100,100,98.64,98.61,7.55,14.26,99.5,97.22,98.13,99.12,99.58,100,97.24,100,98.31,97.66,99.36,99.04,99.48,100,91.25,98.59,94.44,98.09,100,99.28,96.51,98.64,96.03,98.54,98.5,99.18,97.86,100,98.45,99.96,93.98,79.36,15.49,94.45,96.92,93.78,97.38,39.03,30.53,100,100,97.99,98.19,100,100,95.55,98.04,32.98,97.52,68.89,100,100,100,97.05,100,100,98.14,93.6,59.79,88.7,97.08,100,97.4,91.01,78.3,100,34.56,100,14.01,15.7,19.24,100,31.37,78.37,95.44,9.74,100,100,92.19,100,100,59.87,85.12,14.4,50.56,96.46,100,100
Met Kinase Inhibitor (SU11274) 0.5uM,76.93,62.075,56.845,94.59,100,99.71,78.04,98.845,98.34,100,99.135,100,16.695,100,22.815,18.83,33.435,39.8,36.36,92.725,95.94,93.38,91.515,91.795,92.155,55.74,17.53,0.905,52.53,93.465,99.685,94.615,96.24,68.68,89.8,66.52,97.41,97.25,94.66,77.62,86.865,89.34,95.265,89.18,93.605,91.58,92.64,83.595,92.545,90.75,85.085,38.25,94.885,94.06,84.15,85.12,83.175,83.955,77.175,99.03,97.26,96.655,88.7,90.34,68.56,7.99,67.105,38.485,90.86,82.765,100,98.655,99.425,90.555,88.555,100,96.93,84.885,93.515,98.675,100,94.815,98.055,100,95.995,97.74,81.595,92.205,30.625,79.61,92.73,85.655,93.675,99.3,91.815,93.71,100,100,91.595,94.17,79.075,93.195,79.515,65.77,74.835,100,30.08,76.05,24.175,63.325,61.43,94.44,59.92,60.09,99.81,99.02,100,94.96,90.34,73.38,94.285,98.05,97.74,59.58,35.19,94.145,100,96.745,96.8,99.695,97.14,99.21,73.905,96.375,51.21,69.595,93.355,82.965,62.105,28.71,34.935,93.47,88.425,99.515,72.925,5.225,27.535,82.1,94.95,11.615,4.23,34.875,53.555,99.79,98.47,88.8,52.225,36.395,40.02,33.385,74.425,70.08,75.91,65.94,72.32,50.565,95.95,87.385,77.18,87.99,78.355,76.1,99.31,99.035,99.185,98.84,92.085,95.575,92.385,50.385,73.69,53.015,65.555,88.32,67.485,18.165,96.24,41.87,99.33,74.285,100,95.165,92.62,96.915,96.52,92.775,100,100,99.91,84.12,99.08,89.755,95.285,92.16,98.43,93.995,100,97.115,100,76.74,82.41,98.4,48.99,92.77,99.89,99.97,96.755,100,99.66,92.9,96.005,95.5,94.1,98.655,92.52,92.15,99.355,62.465,47.38,99.735,95.47,58.965,91.545,92.69,98.585,88.305,81.775,97.635,90.255,96.255,96.64,58.76,100,19.785,93.58,98.18,76.32,55.365,91.65,65.05,59.785,68.02,77.515,67.31,96.41,100,100,71.15,10.47,55.74,97.86,72.67,56.805,96.22,21.715,73.37,73.33,100,90.535,93.77,86.225,39.375,21.55,54.775,64.985,93.105,100,95.42,95.185,9.395,26.52,5.61,97.12,100,48.835,75.245,28.23,3.28,22.6,52.31,90.095,88.71,96.815,96.995,25.89,98.675,94.825,100,100
Crizotinib (PF-02341066) 0.5uM,15.61,12.93,33.85,90.51,94.95,95.27,0.86,74.62,100,94.93,94.47,91.48,10.12,87.55,19.41,25.69,31.86,5.68,49.89,43.39,88.81,87.39,83.22,93.62,73.12,89.74,1.75,0.3,27.28,87.54,95.44,89.31,91.3,96.7,94.71,93.49,99.43,94.38,100,74.76,91.85,90.06,88.87,90.01,97.66,94.73,93.88,88.18,95.45,100,100,91.18,100,92.35,90.27,90.89,95.58,93.53,99.3,90.82,100,94.78,90.29,92.2,99.17,97.02,98.99,88.09,92.54,83.13,100,93.96,100,74.38,81.6,100,100,97.49,95.97,91.55,74.47,98.95,100,43.89,10.29,77.92,28.94,34.33,10.75,20.49,72.7,9.2,70.48,83.2,26.7,94.05,96.5,93.42,97.41,4.13,11.79,13.94,96.16,88.82,88.38,92.03,42.52,91.21,51.73,95.76,40.4,99.34,58.02,41.79,100,94.49,90.79,97.61,100,93.64,92.92,93.3,93.93,84.24,88.37,100,100,100,93.68,43.24,100,97.05,83.78,44.65,15.71,89.31,6.91,99.06,72.71,7.35,60.46,100,98.08,99.34,84.75,9.6,11.27,16.84,100,19.93,85.77,36.96,64.76,95.11,94.27,99.22,88.63,81.38,82.73,76.36,94.05,92.11,77.46,52.02,84.77,83.45,96.81,96.47,91.72,85.73,96.2,76.36,99.07,98.14,100,96.06,97.6,96.17,90.52,59.23,97.9,91.92,94.24,99,100,84.65,84.49,100,87.5,95.36,97.14,100,65.21,97.08,97.64,97.37,89.87,100,100,93.92,100,96.43,98.18,99.77,94,88.98,100,92.16,93.97,99.4,94.18,100,89.15,92.05,95.83,100,95.9,100,96.2,100,97.4,97.93,91.78,98.76,95.61,98.86,97.93,62.47,48.87,87.23,94.45,63.8,89.02,94.16,100,90.27,94.88,92.66,93.99,90.1,98.14,30.11,96.96,77.77,76.41,95.32,97.17,95.07,19.17,0,95.31,89.48,87.83,98,98.91,100,97.74,34.33,27.82,38.3,100,100,100,100,90.44,96.98,99.2,92.75,97.28,80.76,95.86,79.22,57.23,86.49,89.45,98.71,100,27.32,100,18.75,2.19,1.05,89.16,55.08,6.18,59.53,26.44,78.09,89.77,93.12,92.36,93.29,100,90.44,61.43,96.01,97.9,100,100
Ponatinib (AP24534) 0.5uM,0,1.23,3.98,98.08,95.1,87.6,89.07,97.68,92.53,94.33,100,2.95,92.21,87.03,97.39,51.97,96.53,56.95,0.41,1.35,0.33,18.09,97.36,88.37,54.99,17.33,33.61,83.07,0.88,93.75,96.15,97.09,88.35,100,99.88,99.8,99.16,85.78,50.48,22.29,96.8,91.38,91.19,98.09,87.41,91.42,92.25,100,99.93,90.08,92.09,100,100,91.9,88.69,12.59,94.73,100,100,94.41,98.9,95.24,90.15,92.78,50.34,100,97.71,66.07,98.49,0.88,66.94,98.41,100,100,3.37,100,100,100,96.14,86.69,84.95,100,48.27,16.55,0.56,0.14,1.29,1.72,0.01,2.53,0.25,0.14,0.5,1.65,1.53,63.68,12.17,93.97,98.35,99.72,63.79,54.48,3.23,6.19,6.92,6.42,0.84,1.52,0.77,0.49,0.57,1.06,0.31,3.84,99.61,97.08,98.45,97.87,100,92.28,95.31,98.45,99.2,0.3,35.1,97.03,99.21,100,68.92,90.85,89.11,70.62,93.63,72.11,4.93,92.7,79.85,89.64,2.97,19.56,7.55,93.51,58.15,100,1.15,3.96,3.17,60.54,100,13.45,17.39,0.2,0,96.68,99.96,89.76,94.93,95.7,100,100,94.55,76.94,40.6,19.09,74.3,86.75,100,90.14,84.57,65.26,94.93,61.88,92.35,35.03,100,100,58.77,73.11,100,89.4,100,100,100,80.56,71.47,14.03,90.96,100,100,12.24,91.76,100,98.04,90.21,98.4,1.84,7.43,93.98,51.65,19.65,76.65,100,100,96.97,98.03,100,100,86.46,95.76,0,1.57,96.12,97.29,100,90.14,100,62.93,64.13,12.16,94.1,100,98.11,84.13,98.89,95.25,97.81,99.9,86.67,96.99,80.12,99.01,81.98,93.53,77.42,97.48,90.56,97.3,96.3,96.3,95.76,86.64,13.51,0,0.97,36.05,95.01,92.09,72.53,96.78,80.82,84.49,81.58,72.48,100,100,96.53,100,66.04,23.25,94.48,1.2,100,100,100,94.43,100,73.66,89.39,91.28,98.21,7.2,49.65,45.56,47.6,96.35,89.56,26.2,1.84,90.19,5.74,2.57,2.21,96,3.35,78.15,26.41,95.46,93.62,92.12,15.28,100,100,96.7,81.78,1.24,0,92.62,100,62.21759671
Foretinib (GSK1363089) 0.5uM,25.54,38.24,22.57,98.06,96.07,98.91,74.17,75.82,100,99.12,95.32,95.44,95.12,93.5,34.63,12.62,39.65,0.84,6,45.64,95.05,0.79,100,94.1,22.55,27.22,0.12,2.06,12.7,100,90.59,98.61,92.55,100,97.66,96.57,100,94.44,78.39,79.63,90.65,98.16,91.83,97.28,89.61,96.19,98.82,100,98.49,100,98.61,100,100,92.65,97.71,47.64,90.99,100,98.33,98.43,99.41,99.64,100,92.01,100,100,100,84.67,98.8,30.34,97.53,96.89,100,100,4.27,100,100,100,97.47,80.31,94.48,100,96.45,17.11,2.49,5.37,2.48,2.65,1.07,1.69,7.36,3.55,2.25,35.42,4.42,95.19,74.62,100,99.33,77.68,36.93,65.59,76.3,46.88,67.6,88.86,11.36,6.02,0.92,2.66,7.33,8.43,48.57,84.56,98.55,99.64,96.2,92.83,99.14,100,97.86,100,100,5.24,100,83.38,99.37,75.4,0.63,82.56,100,100,85.41,11.57,97.69,100,1.54,76.25,100,88.09,100,90.16,96.22,100,1.17,2.03,2.51,61.43,100,17.26,71.03,8.8,13.06,94.04,99.68,100,94.26,95.48,97.87,100,12.05,6.1,84.7,100,100,100,100,99.57,91.01,56.3,52.42,35.79,60.71,18.42,100,100,95.64,95.93,87.58,93.29,100,100,100,96.12,100,83.62,89.67,97.33,100,100,100,95.69,99.93,93.66,98.67,76.27,82.32,57.98,96.73,100,100,100,99.98,93.46,100,100,94.65,96.44,95.54,7.76,29.11,97.37,66.62,100,100,98.11,89.65,100,99.05,100,100,100,99,98.99,96.1,99.97,97.77,94.71,97.36,85.07,100,92.78,85.71,76.94,96.15,94.06,94.95,98.1,100,95.09,100,21.37,100,1.4,50.53,93.84,95.15,87.14,2.35,1.45,100,98.09,96.18,100,100,100,100,95.33,50.24,93.21,22.43,100,100,100,98.95,100,90.49,90.23,94.06,96.73,80.27,67.34,80.17,94.86,90.2,100,93.37,7.12,89.73,4.43,4.02,2.7,93.77,74.34,70.75,96.14,2.59,100,95.78,62.2,94.32,99.77,93.23,95.62,10.97,48.32,94.48,94.67,100
Pluripotin 0.5uM,0,3.02,4.35,100,100,95.2,81.71,93.36,93.69,99.74,98.65,0.54,100,89.36,100,98.65,92.08,100,0.45,0.58,0,3.57,97.69,93.09,1.59,45.27,84.35,88.34,1.88,100,94.88,95.34,93.14,99.25,97.53,100,97.65,90.97,96.43,88.26,98.76,96.54,94.77,96.44,98.35,91.61,97.31,99.36,100,99.96,99.21,98.4,100,96.62,87.45,95.65,98.47,95.28,100,91.76,97.68,93.29,81.62,93.42,99.81,100,95.87,85.68,90.39,0.27,100,100,100,100,3.57,100,100,98.75,99.88,100,100,100,1.79,12.63,4.45,4.7,3.75,9.29,0.47,2.65,0.5,0,0.87,0.68,0,6.12,0.85,95.84,95.39,16.24,11.45,3.6,7.23,13.31,4.58,3.03,0.67,19.44,29.26,3.9,14.44,1.36,4.45,9.52,99.05,100,99.91,100,100,96.8,90.6,93.01,100,0.3,1.77,100,99.43,100,75.87,77.26,100,95.03,95.86,32.99,91.09,100,12.7,98.44,18.28,26.87,61.74,56.98,36.24,100,3.38,1.82,2.88,9.59,100,20.72,5.37,0,0,96.89,95.45,100,99.41,95.84,100,100,95.26,75.37,16.58,27.9,93.73,3.06,100,99.31,31.35,44.81,67.8,12.91,97.14,96.16,100,99.76,86.98,98.8,65.69,88.16,98.33,100,95.45,94.3,42.13,100,62.02,78.94,100,56.77,94.87,100,100,73.42,89.21,0,0,97.93,100,65.46,91.04,100,100,97.11,100,100,99.34,98.24,92.64,5.46,9.42,96.69,90.71,100,100,96.05,100,100,87.23,100,99.01,100,92.67,98.31,99.26,97.18,93.06,91.6,98.99,87.12,95.8,93.52,89.64,84.93,100,94.43,95.03,96.46,68.43,95.3,93.37,8.53,0,1.02,60.53,100,99.57,96.08,99.31,0,51.37,100,70.95,100,100,99.57,100,29.61,38.43,97.13,10.35,100,100,100,97,95.49,87.97,93.06,71.14,82.68,11.73,8.04,0.22,34.55,97.27,13.94,91.46,4.87,95.03,65.13,54.89,48.18,96.96,0,22.05,37.62,72.76,94.42,94.66,81.35,100,99.22,95.06,88.76,0.76,11.28,96.81,100,60.13954555
